Date,High,Low,Open,Close,Volume,Adj Close
2015-09-02,43600.0,41800.0,42000.0,43200.0,287972.0,38732.38671875
2015-09-03,44350.0,41900.0,43600.0,43300.0,288596.0,38822.0390625
2015-09-04,43300.0,40200.0,43300.0,40900.0,270580.0,36670.24609375
2015-09-07,41650.0,39700.0,40850.0,39900.0,224490.0,35773.66015625
2015-09-08,40300.0,37500.0,39350.0,38000.0,325639.0,34070.15234375
2015-09-09,40300.0,38700.0,39400.0,39650.0,219665.0,35549.515625
2015-09-10,40500.0,39200.0,39650.0,39750.0,205218.0,35639.17578125
2015-09-11,42000.0,40000.0,40100.0,41200.0,185489.0,36939.21875
2015-09-14,41900.0,39850.0,41900.0,41150.0,114601.0,36894.390625
2015-09-15,41200.0,40150.0,40850.0,40650.0,127863.0,36446.1015625
2015-09-16,41000.0,40300.0,40400.0,40850.0,143028.0,36625.4140625
2015-09-17,41350.0,39050.0,41200.0,39650.0,359941.0,35549.515625
2015-09-18,40850.0,39150.0,39600.0,39550.0,775458.0,35459.85546875
2015-09-21,40100.0,39000.0,39650.0,39150.0,262219.0,35101.22265625
2015-09-22,39400.0,37700.0,39050.0,37900.0,476177.0,33980.4921875
2015-09-23,37900.0,35850.0,37900.0,35900.0,626066.0,32187.330078125
2015-09-24,36950.0,36050.0,36350.0,36250.0,199939.0,32501.130859375
2015-09-25,36400.0,35500.0,36400.0,35600.0,142999.0,31918.357421875
2015-09-30,36700.0,35250.0,35500.0,36700.0,229882.0,32904.59765625
2015-10-01,37050.0,35800.0,37000.0,36050.0,174517.0,32321.818359375
2015-10-02,36300.0,35600.0,36100.0,35600.0,122830.0,31918.357421875
2015-10-05,36550.0,35550.0,35750.0,36550.0,150633.0,32770.11328125
2015-10-06,36700.0,35600.0,36700.0,36150.0,165318.0,32411.478515625
2015-10-07,36100.0,34550.0,36100.0,35200.0,246996.0,31559.72265625
2015-10-08,35200.0,33650.0,34900.0,34150.0,227336.0,30618.306640625
2015-10-12,34450.0,32950.0,34150.0,33500.0,250144.0,30035.53125
2015-10-13,34600.0,33550.0,33550.0,34400.0,221484.0,30842.455078125
2015-10-14,34500.0,33500.0,34450.0,33750.0,128765.0,30259.673828125
2015-10-15,33750.0,32300.0,33300.0,32950.0,298687.0,29542.41015625
2015-10-16,34500.0,32900.0,33200.0,34500.0,213259.0,30932.115234375
2015-10-19,34700.0,33800.0,34550.0,34400.0,89592.0,30842.455078125
2015-10-20,34700.0,33800.0,34450.0,34700.0,124562.0,31111.427734375
2015-10-21,35600.0,34500.0,34700.0,34550.0,228234.0,30976.939453125
2015-10-22,34800.0,33900.0,34500.0,34100.0,100534.0,30573.48046875
2015-10-23,34600.0,34000.0,34100.0,34550.0,111231.0,30976.939453125
2015-10-26,35450.0,34200.0,34550.0,35250.0,188143.0,31604.548828125
2015-10-27,35950.0,35000.0,35250.0,35950.0,185707.0,32232.158203125
2015-10-28,36000.0,35550.0,36000.0,35750.0,107708.0,32052.84375
2015-10-29,35800.0,34200.0,35750.0,34200.0,222663.0,30663.13671875
2015-10-30,34850.0,33700.0,33950.0,33750.0,100953.0,30259.673828125
2015-11-02,33700.0,32650.0,33100.0,33300.0,128521.0,29856.212890625
2015-11-03,34600.0,33500.0,33500.0,34600.0,101721.0,31021.771484375
2015-11-04,34750.0,33800.0,34650.0,34600.0,64888.0,31021.771484375
2015-11-05,35900.0,34200.0,34200.0,35850.0,190501.0,32142.5
2015-11-06,36000.0,35200.0,35950.0,35850.0,150773.0,32142.5
2015-11-09,36750.0,35200.0,35850.0,35300.0,138390.0,31649.3828125
2015-11-10,35350.0,34000.0,35300.0,34800.0,120536.0,31201.087890625
2015-11-11,35350.0,34000.0,34550.0,34000.0,98379.0,30483.822265625
2015-11-12,35000.0,33800.0,33800.0,35000.0,76145.0,31380.404296875
2015-11-13,34900.0,34250.0,34900.0,34500.0,55134.0,30932.115234375
2015-11-16,34400.0,33500.0,33950.0,33650.0,110369.0,30170.01953125
2015-11-17,34500.0,33750.0,34050.0,34300.0,97469.0,30752.796875
2015-11-18,35500.0,34500.0,34700.0,35250.0,125350.0,31604.548828125
2015-11-19,36400.0,35450.0,35500.0,35850.0,193088.0,32142.5
2015-11-20,36100.0,35400.0,35600.0,35700.0,96222.0,32008.017578125
2015-11-23,36000.0,35700.0,35850.0,35850.0,130474.0,32142.5
2015-11-24,36000.0,35450.0,35850.0,35850.0,81305.0,32142.5
2015-11-25,36400.0,35750.0,35900.0,36150.0,147682.0,32411.478515625
2015-11-26,36300.0,35850.0,36300.0,36150.0,139991.0,32411.478515625
2015-11-27,36550.0,35900.0,36300.0,36400.0,170496.0,32635.619140625
2015-11-30,36900.0,35550.0,36400.0,36900.0,254239.0,33083.9140625
2015-12-01,36650.0,35800.0,36300.0,36200.0,120527.0,32456.30078125
2015-12-02,36200.0,35050.0,36100.0,35100.0,139518.0,31470.0625
2015-12-03,35250.0,34100.0,35150.0,34150.0,146459.0,30618.306640625
2015-12-04,34500.0,33700.0,34000.0,34000.0,115365.0,30483.822265625
2015-12-07,34500.0,33200.0,34500.0,33200.0,170449.0,29766.5546875
2015-12-08,33300.0,31500.0,33000.0,32000.0,327371.0,28690.65625
2015-12-09,31700.0,29000.0,31300.0,31650.0,355509.0,28376.8515625
2015-12-10,31800.0,30850.0,31650.0,30850.0,102358.0,27659.5859375
2015-12-11,31500.0,30850.0,31300.0,31100.0,54094.0,27883.732421875
2015-12-14,30850.0,30000.0,30800.0,30350.0,112684.0,27211.29296875
2015-12-15,30950.0,30100.0,30100.0,30950.0,82571.0,27749.244140625
2015-12-16,31650.0,30200.0,31650.0,30400.0,124919.0,27256.123046875
2015-12-17,32100.0,30500.0,31000.0,32100.0,155337.0,28780.314453125
2015-12-18,32400.0,31150.0,32050.0,32350.0,169140.0,29004.4609375
2015-12-21,32400.0,31850.0,32000.0,32350.0,82787.0,29004.4609375
2015-12-22,32500.0,31550.0,32250.0,31550.0,111129.0,28287.19140625
2015-12-23,32400.0,31400.0,31550.0,32000.0,111869.0,28690.65625
2015-12-24,32000.0,31450.0,32000.0,31450.0,78025.0,28197.53515625
2015-12-28,31800.0,30000.0,31500.0,31400.0,184726.0,28152.705078125
2015-12-29,31600.0,30850.0,31400.0,31400.0,91246.0,28766.515625
2015-12-30,31800.0,31000.0,31450.0,31150.0,107615.0,28537.482421875
2016-01-04,31650.0,30500.0,31150.0,30500.0,117972.0,27941.99609375
2016-01-05,30750.0,30100.0,30200.0,30750.0,120319.0,28171.029296875
2016-01-06,31800.0,30400.0,30950.0,31800.0,119119.0,29132.96484375
2016-01-07,31800.0,30650.0,31100.0,30700.0,134216.0,28125.22265625
2016-01-08,30850.0,30100.0,30400.0,30850.0,116069.0,28262.640625
2016-01-11,30550.0,29950.0,30550.0,30250.0,121178.0,27712.962890625
2016-01-12,30450.0,29950.0,30200.0,30000.0,87006.0,27483.931640625
2016-01-13,30400.0,30000.0,30050.0,30400.0,105042.0,27850.380859375
2016-01-14,30050.0,29600.0,30000.0,29800.0,100684.0,27300.705078125
2016-01-15,30100.0,28750.0,30100.0,28750.0,186867.0,26338.765625
2016-01-18,28500.0,27700.0,28100.0,27950.0,271884.0,25605.86328125
2016-01-19,29650.0,27950.0,27950.0,29300.0,184368.0,26842.638671875
2016-01-20,31750.0,29350.0,29350.0,31600.0,503219.0,28949.73828125
2016-01-21,32750.0,30600.0,32000.0,30600.0,154365.0,28033.609375
2016-01-22,31150.0,30100.0,30500.0,30900.0,97787.0,28308.447265625
2016-01-25,32300.0,31200.0,31300.0,32300.0,131474.0,29591.029296875
2016-01-26,32000.0,30750.0,32000.0,31000.0,141519.0,28400.060546875
2016-01-27,31750.0,30750.0,31150.0,31100.0,85273.0,28491.673828125
2016-01-28,31400.0,30750.0,31100.0,31400.0,51251.0,28766.515625
2016-01-29,31600.0,30650.0,31600.0,31350.0,140007.0,28720.705078125
2016-02-01,31400.0,30250.0,31400.0,30650.0,156115.0,28079.4140625
2016-02-02,31300.0,30550.0,30650.0,31050.0,87914.0,28445.8671875
2016-02-03,30900.0,30100.0,30600.0,30200.0,90421.0,27667.15625
2016-02-04,31400.0,30200.0,30200.0,31300.0,69084.0,28674.900390625
2016-02-05,31800.0,30900.0,31400.0,31650.0,90476.0,28995.546875
2016-02-11,30900.0,30300.0,30550.0,30450.0,117043.0,27896.19140625
2016-02-12,30300.0,29100.0,30300.0,29300.0,192288.0,26842.638671875
2016-02-15,30250.0,28850.0,28850.0,29550.0,84470.0,27071.671875
2016-02-16,30050.0,29650.0,30000.0,29700.0,50582.0,27209.08984375
2016-02-17,29950.0,29400.0,29700.0,29500.0,97028.0,27025.865234375
2016-02-18,30000.0,29350.0,29650.0,29800.0,115983.0,27300.705078125
2016-02-19,29850.0,29050.0,29800.0,29300.0,127723.0,26842.638671875
2016-02-22,29650.0,29300.0,29300.0,29300.0,62612.0,26842.638671875
2016-02-23,29700.0,29200.0,29550.0,29300.0,50189.0,26842.638671875
2016-02-24,29800.0,29000.0,29100.0,29000.0,100613.0,26567.796875
2016-02-25,29550.0,29050.0,29050.0,29150.0,55274.0,26705.21875
2016-02-26,29600.0,29000.0,29350.0,29100.0,53016.0,26659.412109375
2016-02-29,29500.0,29000.0,29450.0,29500.0,86387.0,27025.865234375
2016-03-02,31900.0,29900.0,30050.0,31750.0,243344.0,29087.16015625
2016-03-03,33100.0,32000.0,32100.0,32150.0,191655.0,29453.611328125
2016-03-04,32550.0,31400.0,32250.0,31900.0,116263.0,29224.580078125
2016-03-07,33000.0,32050.0,32100.0,32300.0,111021.0,29591.029296875
2016-03-08,33000.0,31900.0,32350.0,32250.0,106093.0,29545.224609375
2016-03-09,32300.0,31600.0,32100.0,31600.0,87723.0,28949.73828125
2016-03-10,32700.0,31650.0,31650.0,32700.0,116701.0,29957.484375
2016-03-11,32850.0,32250.0,32250.0,32650.0,96317.0,29911.677734375
2016-03-14,33000.0,32500.0,32700.0,32900.0,97849.0,30140.708984375
2016-03-15,33100.0,32600.0,33000.0,32900.0,78160.0,30140.708984375
2016-03-16,34150.0,32700.0,33000.0,33750.0,207465.0,30919.421875
2016-03-17,34250.0,33400.0,33900.0,34000.0,145367.0,31148.455078125
2016-03-18,34200.0,33550.0,34000.0,34200.0,144369.0,31331.6796875
2016-03-21,34200.0,32900.0,34000.0,33300.0,89793.0,30507.1640625
2016-03-22,33500.0,32900.0,33350.0,33500.0,88672.0,30690.388671875
2016-03-23,33550.0,32400.0,33150.0,33050.0,99137.0,30278.130859375
2016-03-24,33050.0,32300.0,32800.0,32600.0,59400.0,29865.87109375
2016-03-25,32700.0,32050.0,32600.0,32100.0,55443.0,29407.806640625
2016-03-28,32800.0,31500.0,32100.0,32800.0,79565.0,30049.099609375
2016-03-29,33300.0,32450.0,32450.0,33050.0,99795.0,30278.130859375
2016-03-30,33400.0,32600.0,33350.0,33050.0,68847.0,30278.130859375
2016-03-31,33050.0,31950.0,33000.0,32150.0,136716.0,29453.611328125
2016-04-01,32600.0,31650.0,31650.0,32600.0,85519.0,29865.87109375
2016-04-04,32850.0,32500.0,32600.0,32750.0,55240.0,30003.2890625
2016-04-05,32850.0,32100.0,32850.0,32300.0,59162.0,29591.029296875
2016-04-06,32700.0,31750.0,32300.0,31850.0,78045.0,29178.7734375
2016-04-07,33350.0,31850.0,31850.0,32900.0,112665.0,30140.708984375
2016-04-08,33850.0,32650.0,32800.0,33850.0,111179.0,31011.03515625
2016-04-11,34000.0,33150.0,34000.0,33200.0,94294.0,30415.548828125
2016-04-12,33550.0,32900.0,33450.0,33050.0,46299.0,30278.130859375
2016-04-14,33650.0,33050.0,33100.0,33250.0,78726.0,30461.353515625
2016-04-15,33500.0,32700.0,33500.0,33000.0,76786.0,30232.322265625
2016-04-18,33700.0,32600.0,33150.0,33650.0,94187.0,30827.80859375
2016-04-19,33750.0,33050.0,33750.0,33100.0,73153.0,30323.935546875
2016-04-20,33350.0,32450.0,33350.0,32750.0,81400.0,30003.2890625
2016-04-21,33300.0,32350.0,32700.0,33200.0,84087.0,30415.548828125
2016-04-22,33200.0,32850.0,32850.0,32950.0,39348.0,30186.517578125
2016-04-25,33400.0,33000.0,33050.0,33400.0,84030.0,30598.775390625
2016-04-26,33400.0,32900.0,33200.0,33400.0,81797.0,30598.775390625
2016-04-27,33450.0,32450.0,33400.0,33150.0,82893.0,30369.744140625
2016-04-28,33400.0,32700.0,33000.0,33350.0,84139.0,30552.96875
2016-04-29,33350.0,32250.0,33350.0,32250.0,103055.0,29545.224609375
2016-05-02,32400.0,31300.0,32300.0,32000.0,101258.0,29316.19140625
2016-05-03,32650.0,32000.0,32000.0,32500.0,70087.0,29774.2578125
2016-05-04,32800.0,32200.0,32650.0,32800.0,71652.0,30049.099609375
2016-05-09,32850.0,32400.0,32500.0,32850.0,70590.0,30094.904296875
2016-05-10,32950.0,32450.0,32500.0,32750.0,51866.0,30003.2890625
2016-05-11,32900.0,32200.0,32700.0,32250.0,56968.0,29545.224609375
2016-05-12,32850.0,32250.0,32500.0,32350.0,45873.0,29636.83984375
2016-05-13,32600.0,32050.0,32600.0,32150.0,55616.0,29453.611328125
2016-05-16,32800.0,31950.0,31950.0,32300.0,70517.0,29591.029296875
2016-05-17,32800.0,32400.0,32400.0,32550.0,66031.0,29820.0625
2016-05-18,32650.0,32000.0,32600.0,32300.0,64065.0,29591.029296875
2016-05-19,32550.0,31750.0,32300.0,31800.0,63247.0,29132.96484375
2016-05-20,32400.0,31600.0,31800.0,32050.0,57955.0,29361.998046875
2016-05-23,32600.0,32050.0,32100.0,32450.0,43964.0,29728.451171875
2016-05-24,32500.0,32250.0,32500.0,32450.0,47239.0,29728.451171875
2016-05-25,32800.0,32200.0,32300.0,32550.0,59816.0,29820.0625
2016-05-26,32700.0,32450.0,32550.0,32550.0,36059.0,29820.0625
2016-05-27,32800.0,32550.0,32800.0,32700.0,57647.0,29957.484375
2016-05-30,32750.0,32400.0,32750.0,32600.0,51160.0,29865.87109375
2016-05-31,33350.0,32450.0,32450.0,33300.0,177389.0,30507.1640625
2016-06-01,34050.0,33350.0,33500.0,33800.0,145154.0,30965.228515625
2016-06-02,34250.0,33400.0,33950.0,34000.0,124556.0,31148.455078125
2016-06-03,34250.0,33300.0,34150.0,33600.0,133197.0,30782.001953125
2016-06-07,34950.0,33650.0,33700.0,33700.0,220321.0,30873.615234375
2016-06-08,34150.0,33500.0,33700.0,34000.0,93738.0,31148.455078125
2016-06-09,34200.0,33050.0,33700.0,34200.0,119999.0,31331.6796875
2016-06-10,33800.0,33350.0,33800.0,33450.0,73337.0,30644.58203125
2016-06-13,33850.0,32950.0,33450.0,33450.0,90502.0,30644.58203125
2016-06-14,33550.0,33100.0,33200.0,33550.0,53445.0,30736.1953125
2016-06-15,33450.0,33050.0,33300.0,33150.0,59436.0,30369.744140625
2016-06-16,33450.0,33000.0,33400.0,33350.0,64127.0,30552.96875
2016-06-17,33550.0,32900.0,33300.0,32900.0,79652.0,30140.708984375
2016-06-20,33300.0,32750.0,33300.0,33000.0,38777.0,30232.322265625
2016-06-21,33150.0,32850.0,33000.0,33150.0,44816.0,30369.744140625
2016-06-22,33450.0,32900.0,32900.0,33400.0,63732.0,30598.775390625
2016-06-23,33500.0,33150.0,33450.0,33150.0,42425.0,30369.744140625
2016-06-24,33500.0,31650.0,33500.0,32950.0,186877.0,30186.517578125
2016-06-27,33650.0,31800.0,32300.0,33550.0,170264.0,30736.1953125
2016-06-28,33450.0,32850.0,33250.0,33000.0,67478.0,30232.322265625
2016-06-29,33450.0,33000.0,33400.0,33250.0,91985.0,30461.353515625
2016-06-30,33500.0,32900.0,33500.0,33350.0,63336.0,30552.96875
2016-07-01,33400.0,33050.0,33100.0,33250.0,42262.0,30461.353515625
2016-07-04,33600.0,33100.0,33600.0,33150.0,41257.0,30369.744140625
2016-07-05,33300.0,33100.0,33300.0,33200.0,38113.0,30415.548828125
2016-07-06,33200.0,32450.0,33200.0,32650.0,76210.0,29911.677734375
2016-07-07,32900.0,32300.0,32400.0,32600.0,70792.0,29865.87109375
2016-07-08,32650.0,32200.0,32600.0,32350.0,35954.0,29636.83984375
2016-07-11,32650.0,32200.0,32200.0,32500.0,42186.0,29774.2578125
2016-07-12,33000.0,32250.0,32250.0,32950.0,68771.0,30186.517578125
2016-07-13,33350.0,32850.0,33000.0,33300.0,75326.0,30507.1640625
2016-07-14,34250.0,33050.0,33350.0,34250.0,222795.0,31377.486328125
2016-07-15,34700.0,33550.0,34350.0,33750.0,89115.0,30919.421875
2016-07-18,34050.0,33350.0,34000.0,33900.0,36404.0,31056.83984375
2016-07-19,34050.0,33450.0,33500.0,34050.0,70153.0,31194.263671875
2016-07-20,34250.0,33500.0,34050.0,33600.0,40893.0,30782.001953125
2016-07-21,33700.0,32650.0,33600.0,32950.0,87642.0,30186.517578125
2016-07-22,33250.0,32750.0,33150.0,32900.0,35676.0,30140.708984375
2016-07-25,33050.0,32650.0,32800.0,32900.0,52597.0,30140.708984375
2016-07-26,33050.0,32500.0,32800.0,33050.0,42963.0,30278.130859375
2016-07-27,33100.0,32650.0,32850.0,32700.0,34639.0,29957.484375
2016-07-28,32800.0,32450.0,32750.0,32600.0,72169.0,29865.87109375
2016-07-29,32650.0,32350.0,32600.0,32600.0,57770.0,29865.87109375
2016-08-01,32950.0,32450.0,32600.0,32800.0,63184.0,30049.099609375
2016-08-02,32800.0,32200.0,32800.0,32200.0,65010.0,29499.41796875
2016-08-03,32350.0,31700.0,32250.0,31800.0,45771.0,29132.96484375
2016-08-04,31950.0,31750.0,31850.0,31800.0,53897.0,29132.96484375
2016-08-05,32150.0,31650.0,31750.0,32000.0,31811.0,29316.19140625
2016-08-08,32000.0,31150.0,32000.0,31200.0,77694.0,28583.287109375
2016-08-09,31600.0,31200.0,31400.0,31600.0,27561.0,28949.73828125
2016-08-10,32500.0,31350.0,31400.0,32500.0,43053.0,29774.2578125
2016-08-11,32600.0,31750.0,32500.0,32400.0,34178.0,29682.64453125
2016-08-12,32450.0,31800.0,32450.0,32150.0,47500.0,29453.611328125
2016-08-16,32200.0,31750.0,31900.0,32200.0,39131.0,29499.41796875
2016-08-17,32150.0,31500.0,32150.0,31700.0,49645.0,29041.353515625
2016-08-18,31900.0,31400.0,31800.0,31850.0,31171.0,29178.7734375
2016-08-19,31750.0,31300.0,31700.0,31350.0,61316.0,28720.705078125
2016-08-22,31450.0,30900.0,31300.0,31100.0,72090.0,28491.673828125
2016-08-23,31300.0,30550.0,31000.0,30550.0,45912.0,27987.802734375
2016-08-24,30950.0,30550.0,30550.0,30850.0,39736.0,28262.640625
2016-08-25,31150.0,30650.0,30800.0,30750.0,62632.0,28171.029296875
2016-08-26,30950.0,30650.0,30700.0,30650.0,42101.0,28079.4140625
2016-08-29,30900.0,29850.0,30650.0,30050.0,71605.0,27529.736328125
2016-08-30,30350.0,29750.0,30000.0,30000.0,62906.0,27483.931640625
2016-08-31,30850.0,29400.0,30000.0,30850.0,165308.0,28262.640625
2016-09-01,30400.0,29600.0,30100.0,29650.0,88970.0,27163.28515625
2016-09-02,29900.0,29050.0,29600.0,29350.0,119990.0,26888.4453125
2016-09-05,30100.0,29400.0,29450.0,29950.0,62422.0,27438.12109375
2016-09-06,30400.0,29550.0,29750.0,30400.0,41356.0,27850.380859375
2016-09-07,30400.0,29550.0,30400.0,30350.0,80926.0,27804.576171875
2016-09-08,30250.0,29650.0,30000.0,30250.0,75488.0,27712.962890625
2016-09-09,30150.0,29650.0,30150.0,29750.0,66766.0,27254.8984375
2016-09-12,29900.0,29550.0,29750.0,29550.0,24792.0,27071.671875
2016-09-13,29950.0,29300.0,29500.0,29350.0,58669.0,26888.4453125
2016-09-19,29700.0,29150.0,29300.0,29400.0,51649.0,26934.251953125
2016-09-20,29750.0,29200.0,29200.0,29750.0,54775.0,27254.8984375
2016-09-21,30150.0,29200.0,29800.0,30150.0,83254.0,27621.349609375
2016-09-22,30200.0,29500.0,30150.0,29700.0,55150.0,27209.08984375
2016-09-23,29950.0,29650.0,29700.0,29850.0,58717.0,27346.51171875
2016-09-26,29950.0,29450.0,29900.0,29450.0,59324.0,26980.056640625
2016-09-27,29750.0,29150.0,29200.0,29750.0,51804.0,27254.8984375
2016-09-28,29800.0,29450.0,29700.0,29650.0,36785.0,27163.28515625
2016-09-29,29900.0,29550.0,29550.0,29700.0,29472.0,27209.08984375
2016-09-30,29700.0,28950.0,29500.0,29250.0,95878.0,26796.83203125
2016-10-04,29450.0,29100.0,29250.0,29200.0,44314.0,26751.025390625
2016-10-05,29400.0,28900.0,29200.0,28950.0,45463.0,26521.9921875
2016-10-06,29200.0,28850.0,28850.0,29150.0,42259.0,26705.21875
2016-10-07,29150.0,28600.0,29150.0,28850.0,54665.0,26430.37890625
2016-10-10,29100.0,28750.0,28750.0,28800.0,28218.0,26384.57421875
2016-10-11,29050.0,28800.0,29050.0,29000.0,27577.0,26567.796875
2016-10-12,29100.0,28600.0,28950.0,28800.0,44744.0,26384.57421875
2016-10-13,29000.0,28600.0,28900.0,29000.0,31957.0,26567.796875
2016-10-14,29050.0,28750.0,28800.0,29000.0,26647.0,26567.796875
2016-10-17,29000.0,27500.0,28850.0,28550.0,97938.0,26155.541015625
2016-10-18,28650.0,27600.0,28450.0,28650.0,53462.0,26247.15234375
2016-10-19,28750.0,28150.0,28700.0,28150.0,38220.0,25789.087890625
2016-10-20,28200.0,27350.0,28200.0,27350.0,95212.0,25056.181640625
2016-10-21,27400.0,26400.0,27350.0,26700.0,170867.0,24460.69921875
2016-10-24,27250.0,26350.0,26750.0,27250.0,81312.0,24964.5703125
2016-10-25,27300.0,26700.0,27250.0,27300.0,55760.0,25010.376953125
2016-10-26,27350.0,26800.0,27300.0,27200.0,36727.0,24918.763671875
2016-10-27,27550.0,27000.0,27000.0,27550.0,51345.0,25239.408203125
2016-10-28,27550.0,27100.0,27550.0,27200.0,41183.0,24918.763671875
2016-10-31,27200.0,26800.0,27100.0,27150.0,55676.0,24872.95703125
2016-11-01,27150.0,26850.0,27000.0,26850.0,58056.0,24598.1171875
2016-11-02,27750.0,26600.0,27000.0,26600.0,85350.0,24369.083984375
2016-11-03,26900.0,26450.0,26500.0,26650.0,45807.0,24414.890625
2016-11-04,27150.0,26600.0,26750.0,27000.0,33096.0,24735.537109375
2016-11-07,27250.0,26850.0,27000.0,26850.0,28177.0,24598.1171875
2016-11-08,27300.0,26850.0,26850.0,27200.0,22612.0,24918.763671875
2016-11-09,27400.0,26100.0,27300.0,26650.0,84824.0,24414.890625
2016-11-10,27000.0,26650.0,26950.0,26650.0,54656.0,24414.890625
2016-11-11,27000.0,26400.0,26650.0,26650.0,45070.0,24414.890625
2016-11-14,27000.0,26700.0,26750.0,26750.0,48239.0,24506.50390625
2016-11-15,27300.0,26650.0,26650.0,26700.0,54107.0,24460.69921875
2016-11-16,27350.0,26900.0,27000.0,27200.0,34158.0,24918.763671875
2016-11-17,27950.0,27400.0,27500.0,27800.0,58841.0,25468.44140625
2016-11-18,28000.0,27200.0,28000.0,27200.0,42398.0,24918.763671875
2016-11-21,27350.0,26800.0,27350.0,26800.0,38013.0,24552.310546875
2016-11-22,27000.0,26750.0,26800.0,26750.0,22846.0,24506.50390625
2016-11-23,27000.0,26650.0,27000.0,26700.0,22328.0,24460.69921875
2016-11-24,27000.0,26100.0,26800.0,26300.0,53896.0,24094.24609375
2016-11-25,26500.0,26150.0,26200.0,26250.0,18552.0,24048.439453125
2016-11-28,26300.0,26000.0,26250.0,26050.0,22692.0,23865.212890625
2016-11-29,26550.0,25700.0,26000.0,26300.0,65073.0,24094.24609375
2016-11-30,26850.0,26200.0,26550.0,26600.0,84446.0,24369.083984375
2016-12-01,26900.0,26200.0,26650.0,26200.0,34964.0,24002.6328125
2016-12-02,26500.0,25900.0,26500.0,25900.0,36519.0,23727.79296875
2016-12-05,26150.0,25800.0,25950.0,25900.0,23029.0,23727.79296875
2016-12-06,26150.0,25600.0,26100.0,25750.0,53976.0,23590.375
2016-12-07,25950.0,25250.0,25750.0,25250.0,48045.0,23132.30859375
2016-12-08,26050.0,25450.0,25450.0,25500.0,76583.0,23361.33984375
2016-12-09,25600.0,25300.0,25450.0,25550.0,38188.0,23407.146484375
2016-12-12,25800.0,25350.0,25350.0,25600.0,33204.0,23452.955078125
2016-12-13,26100.0,25450.0,25600.0,26100.0,44602.0,23911.01953125
2016-12-14,26650.0,26150.0,26150.0,26550.0,31533.0,24323.279296875
2016-12-15,26650.0,25900.0,26650.0,26050.0,41016.0,23865.212890625
2016-12-16,26550.0,26100.0,26550.0,26350.0,45042.0,24140.052734375
2016-12-19,27150.0,26450.0,26500.0,26850.0,51897.0,24598.1171875
2016-12-20,27400.0,27000.0,27400.0,27300.0,50517.0,25010.376953125
2016-12-21,27500.0,27050.0,27500.0,27250.0,38370.0,24964.5703125
2016-12-22,27300.0,26850.0,27250.0,27200.0,35544.0,24918.763671875
2016-12-23,27400.0,26950.0,27400.0,27150.0,30878.0,24872.95703125
2016-12-26,27450.0,27250.0,27250.0,27350.0,30552.0,25056.181640625
2016-12-27,27800.0,27200.0,27350.0,27550.0,44327.0,25239.408203125
2016-12-28,27250.0,26850.0,27100.0,27000.0,23108.0,25352.0859375
2016-12-29,27550.0,26700.0,27100.0,27550.0,33374.0,25868.515625
2017-01-02,27400.0,27000.0,27200.0,27050.0,20358.0,25399.033203125
2017-01-03,27150.0,26800.0,26950.0,26900.0,22983.0,25258.189453125
2017-01-04,27150.0,26600.0,26850.0,26650.0,27854.0,25023.447265625
2017-01-05,26950.0,26400.0,26750.0,26650.0,40804.0,25023.447265625
2017-01-06,26800.0,26400.0,26800.0,26600.0,23746.0,24976.498046875
2017-01-09,26600.0,26000.0,26600.0,26050.0,35320.0,24460.06640625
2017-01-10,26350.0,25650.0,26050.0,26050.0,43493.0,24460.06640625
2017-01-11,26150.0,25850.0,26100.0,25950.0,31653.0,24366.171875
2017-01-12,26400.0,25800.0,25800.0,26050.0,39993.0,24460.06640625
2017-01-13,26450.0,26100.0,26350.0,26350.0,26422.0,24741.755859375
2017-01-16,26750.0,26300.0,26300.0,26600.0,23155.0,24976.498046875
2017-01-17,26750.0,26300.0,26700.0,26400.0,24245.0,24788.705078125
2017-01-18,26800.0,26150.0,26200.0,26500.0,32932.0,24882.6015625
2017-01-19,26700.0,26500.0,26700.0,26650.0,35501.0,25023.447265625
2017-01-20,26700.0,26350.0,26700.0,26550.0,45730.0,24929.55078125
2017-01-23,26750.0,26050.0,26600.0,26050.0,39376.0,24460.06640625
2017-01-24,26450.0,26050.0,26050.0,26050.0,36372.0,24460.06640625
2017-01-25,26400.0,26000.0,26100.0,26000.0,23597.0,24413.1171875
2017-01-26,26250.0,25500.0,26200.0,26250.0,47263.0,24647.859375
2017-01-31,26250.0,25550.0,26250.0,25600.0,90551.0,24037.533203125
2017-02-01,25800.0,25200.0,25800.0,25500.0,78746.0,23943.63671875
2017-02-02,25650.0,25350.0,25500.0,25350.0,64598.0,23802.791015625
2017-02-03,25400.0,25000.0,25300.0,25200.0,63159.0,23661.9453125
2017-02-06,25300.0,24650.0,25200.0,24800.0,53467.0,23286.359375
2017-02-07,25000.0,24650.0,24700.0,24850.0,56305.0,23333.306640625
2017-02-08,24950.0,24650.0,24950.0,24950.0,29855.0,23427.203125
2017-02-09,24950.0,24700.0,24950.0,24900.0,28783.0,23380.255859375
2017-02-10,25100.0,24750.0,24900.0,25100.0,61837.0,23568.048828125
2017-02-13,25550.0,25000.0,25200.0,25550.0,41303.0,23990.583984375
2017-02-14,25700.0,25400.0,25600.0,25650.0,40343.0,24084.48046875
2017-02-15,26200.0,25750.0,25900.0,26050.0,48515.0,24460.06640625
2017-02-16,26200.0,25500.0,26200.0,25900.0,38507.0,24319.22265625
2017-02-17,25950.0,25550.0,25900.0,25800.0,49741.0,24225.326171875
2017-02-20,25950.0,25600.0,25850.0,25650.0,25362.0,24084.48046875
2017-02-21,25950.0,25600.0,25800.0,25950.0,47835.0,24366.171875
2017-02-22,25950.0,25650.0,25950.0,25750.0,40210.0,24178.37890625
2017-02-23,25900.0,25650.0,25800.0,25700.0,42504.0,24131.4296875
2017-02-24,25850.0,25500.0,25800.0,25700.0,61186.0,24131.4296875
2017-02-27,25850.0,25450.0,25700.0,25450.0,58558.0,23896.6875
2017-02-28,25750.0,25250.0,25700.0,25500.0,91756.0,23943.63671875
2017-03-02,25600.0,25350.0,25550.0,25350.0,64828.0,23802.791015625
2017-03-03,25650.0,25300.0,25350.0,25550.0,33398.0,23990.583984375
2017-03-06,25550.0,25350.0,25500.0,25450.0,31025.0,23896.6875
2017-03-07,25550.0,25000.0,25550.0,25050.0,51386.0,23521.1015625
2017-03-08,25100.0,24900.0,25050.0,24950.0,38641.0,23427.203125
2017-03-09,25450.0,24950.0,25200.0,25250.0,44634.0,23708.89453125
2017-03-10,25400.0,25000.0,25400.0,25350.0,40074.0,23802.791015625
2017-03-13,25700.0,25200.0,25350.0,25700.0,29400.0,24131.4296875
2017-03-14,26200.0,25600.0,25700.0,25750.0,54866.0,24178.37890625
2017-03-15,25900.0,25300.0,25900.0,25350.0,34489.0,23802.791015625
2017-03-16,25850.0,25400.0,25750.0,25850.0,45507.0,24272.275390625
2017-03-17,25950.0,25450.0,25650.0,25800.0,92858.0,24225.326171875
2017-03-20,25950.0,25600.0,25800.0,25950.0,32353.0,24366.171875
2017-03-21,27400.0,25900.0,26000.0,27300.0,268108.0,25633.775390625
2017-03-22,27850.0,27100.0,27300.0,27750.0,222576.0,26056.30859375
2017-03-23,28350.0,27500.0,27750.0,28350.0,131577.0,26619.689453125
2017-03-24,28300.0,27400.0,28300.0,27500.0,111978.0,25821.56640625
2017-03-27,28150.0,27450.0,27450.0,27800.0,48037.0,26103.2578125
2017-03-28,28200.0,27450.0,27450.0,28200.0,75712.0,26478.84375
2017-03-29,28600.0,27700.0,28000.0,28550.0,107533.0,26807.482421875
2017-03-30,29000.0,28450.0,28650.0,28900.0,116630.0,27136.119140625
2017-03-31,29800.0,28850.0,29100.0,29700.0,162343.0,27887.294921875
2017-04-03,30300.0,29450.0,29650.0,30300.0,122136.0,28450.671875
2017-04-04,30250.0,29950.0,30100.0,30000.0,79519.0,28168.982421875
2017-04-05,31300.0,29800.0,29950.0,31300.0,180116.0,29389.638671875
2017-04-06,31650.0,30000.0,31300.0,31500.0,159889.0,29577.431640625
2017-04-07,31500.0,30700.0,31500.0,30800.0,439786.0,28920.15625
2017-04-10,30900.0,29500.0,30450.0,30250.0,155833.0,28403.724609375
2017-04-11,30450.0,29850.0,30000.0,30100.0,141655.0,28262.87890625
2017-04-12,30150.0,29550.0,30100.0,29950.0,130759.0,28122.03515625
2017-04-13,29900.0,29050.0,29700.0,29050.0,137689.0,27276.96484375
2017-04-14,29750.0,28950.0,29000.0,29500.0,76771.0,27699.5
2017-04-17,29800.0,29250.0,29500.0,29400.0,47990.0,27605.603515625
2017-04-18,30150.0,29450.0,29750.0,29900.0,99228.0,28075.087890625
2017-04-19,30400.0,29800.0,30100.0,30050.0,116972.0,28215.931640625
2017-04-20,30300.0,29850.0,30050.0,30100.0,78854.0,28262.87890625
2017-04-21,30400.0,29850.0,30400.0,30050.0,78900.0,28215.931640625
2017-04-24,30100.0,29500.0,30050.0,29550.0,77753.0,27746.44921875
2017-04-25,30150.0,29600.0,29850.0,30150.0,78595.0,28309.828125
2017-04-26,30900.0,30200.0,30200.0,30600.0,138885.0,28732.36328125
2017-04-27,30900.0,30250.0,30800.0,30800.0,83601.0,28920.15625
2017-04-28,30900.0,30300.0,30800.0,30850.0,67288.0,28967.10546875
2017-05-02,31000.0,30600.0,30850.0,30700.0,41199.0,28826.259765625
2017-05-04,31600.0,30700.0,30700.0,31600.0,121099.0,29671.328125
2017-05-08,31750.0,31350.0,31600.0,31500.0,78751.0,29577.431640625
2017-05-10,31700.0,31000.0,31700.0,31600.0,110880.0,29671.328125
2017-05-11,31600.0,31200.0,31600.0,31500.0,55543.0,29577.431640625
2017-05-12,31550.0,31100.0,31500.0,31550.0,65988.0,29624.380859375
2017-05-15,31550.0,30900.0,31550.0,30900.0,56881.0,29014.052734375
2017-05-16,31250.0,30500.0,30650.0,30850.0,119271.0,28967.10546875
2017-05-17,31850.0,30700.0,30700.0,31200.0,184691.0,29295.744140625
2017-05-18,31850.0,30800.0,30800.0,31800.0,330131.0,29859.12109375
2017-05-19,31950.0,31650.0,31800.0,31800.0,91756.0,29859.12109375
2017-05-22,31950.0,31550.0,31600.0,31900.0,105970.0,29953.01953125
2017-05-23,32150.0,31650.0,31650.0,31850.0,122620.0,29906.0703125
2017-05-24,33450.0,31750.0,31750.0,33450.0,292051.0,31408.416015625
2017-05-25,33650.0,32700.0,33200.0,32800.0,176857.0,30798.087890625
2017-05-26,32650.0,31750.0,32550.0,32050.0,172325.0,30093.86328125
2017-05-29,32150.0,31100.0,32000.0,31150.0,160442.0,29248.794921875
2017-05-30,31850.0,31000.0,31000.0,31400.0,96181.0,29483.53515625
2017-05-31,32400.0,31300.0,31300.0,32400.0,168265.0,30422.501953125
2017-06-01,32250.0,31600.0,31900.0,31750.0,113624.0,29812.173828125
2017-06-02,32050.0,31500.0,31500.0,31800.0,147937.0,29859.12109375
2017-06-05,32300.0,31500.0,31500.0,32100.0,149730.0,30140.8125
2017-06-07,31900.0,31150.0,31700.0,31200.0,239280.0,29295.744140625
2017-06-08,31700.0,30200.0,31150.0,30550.0,1283714.0,28685.4140625
2017-06-09,30900.0,30450.0,30550.0,30700.0,281118.0,28826.259765625
2017-06-12,30750.0,30050.0,30500.0,30050.0,268168.0,28215.931640625
2017-06-13,31150.0,30000.0,30000.0,30700.0,193302.0,28826.259765625
2017-06-14,30900.0,30350.0,30500.0,30600.0,82395.0,28732.36328125
2017-06-15,30900.0,30050.0,30500.0,30050.0,91790.0,28215.931640625
2017-06-16,30700.0,30150.0,30150.0,30500.0,83159.0,28638.466796875
2017-06-19,30600.0,30100.0,30300.0,30550.0,82789.0,28685.4140625
2017-06-20,30800.0,30050.0,30350.0,30500.0,123043.0,28638.466796875
2017-06-21,30750.0,30250.0,30450.0,30500.0,83077.0,28638.466796875
2017-06-22,31450.0,30250.0,30400.0,31300.0,154088.0,29389.638671875
2017-06-23,31500.0,30250.0,31500.0,30250.0,108460.0,28403.724609375
2017-06-26,30600.0,29850.0,30350.0,29950.0,116211.0,28122.03515625
2017-06-27,30700.0,29950.0,30000.0,30500.0,75389.0,28638.466796875
2017-06-28,30700.0,30100.0,30500.0,30700.0,62243.0,28826.259765625
2017-06-29,30900.0,30350.0,30700.0,30400.0,53484.0,28544.5703125
2017-06-30,30750.0,29950.0,29950.0,30600.0,76332.0,28732.36328125
2017-07-03,30700.0,30250.0,30650.0,30700.0,44886.0,28826.259765625
2017-07-04,30750.0,30350.0,30700.0,30400.0,46437.0,28544.5703125
2017-07-05,30650.0,30250.0,30250.0,30250.0,43284.0,28403.724609375
2017-07-06,30300.0,30050.0,30200.0,30050.0,46426.0,28215.931640625
2017-07-07,30650.0,30000.0,30050.0,30250.0,58889.0,28403.724609375
2017-07-10,30250.0,29000.0,30100.0,29050.0,161095.0,27276.96484375
2017-07-11,29450.0,28150.0,29100.0,28250.0,168519.0,26525.79296875
2017-07-12,28650.0,28000.0,28250.0,28000.0,118219.0,26291.05078125
2017-07-13,29100.0,28150.0,28300.0,28800.0,122166.0,27042.22265625
2017-07-14,29100.0,28500.0,28800.0,28900.0,65620.0,27136.119140625
2017-07-17,29250.0,28500.0,29250.0,29000.0,109510.0,27230.017578125
2017-07-18,29150.0,28700.0,29000.0,28900.0,53699.0,27136.119140625
2017-07-19,29650.0,28900.0,29100.0,29400.0,101649.0,27605.603515625
2017-07-20,29500.0,29150.0,29450.0,29400.0,68300.0,27605.603515625
2017-07-21,29450.0,28950.0,29350.0,29100.0,68810.0,27323.9140625
2017-07-24,29800.0,29100.0,29350.0,29400.0,63596.0,27605.603515625
2017-07-25,29900.0,29150.0,29750.0,29350.0,90996.0,27558.65625
2017-07-26,29850.0,29400.0,29750.0,29600.0,61335.0,27793.396484375
2017-07-27,29950.0,29300.0,29500.0,29550.0,61275.0,27746.44921875
2017-07-28,29800.0,29400.0,29450.0,29450.0,76341.0,27652.552734375
2017-07-31,29750.0,29300.0,29700.0,29550.0,62380.0,27746.44921875
2017-08-01,29700.0,29350.0,29500.0,29650.0,188876.0,27840.345703125
2017-08-02,29650.0,29400.0,29500.0,29400.0,90629.0,27605.603515625
2017-08-03,29600.0,29200.0,29350.0,29200.0,58093.0,27417.810546875
2017-08-04,29500.0,28900.0,29100.0,28900.0,49366.0,27136.119140625
2017-08-07,29250.0,28700.0,29250.0,28700.0,36276.0,26948.326171875
2017-08-08,28850.0,28200.0,28500.0,28350.0,87257.0,26619.689453125
2017-08-09,28650.0,28150.0,28250.0,28350.0,75271.0,26619.689453125
2017-08-10,28650.0,28150.0,28150.0,28250.0,96399.0,26525.79296875
2017-08-11,28450.0,27850.0,28250.0,28000.0,88841.0,26291.05078125
2017-08-14,28300.0,27600.0,28000.0,27850.0,92515.0,26150.205078125
2017-08-16,28000.0,27350.0,27850.0,27500.0,96454.0,25821.56640625
2017-08-17,27600.0,27250.0,27350.0,27500.0,63467.0,25821.56640625
2017-08-18,27650.0,27250.0,27250.0,27350.0,63161.0,25680.72265625
2017-08-21,27400.0,26850.0,27400.0,26950.0,78129.0,25305.13671875
2017-08-22,27250.0,26750.0,26750.0,27000.0,67543.0,25352.0859375
2017-08-23,27350.0,26850.0,26850.0,27350.0,42822.0,25680.72265625
2017-08-24,27650.0,27250.0,27350.0,27550.0,54642.0,25868.515625
2017-08-25,27500.0,27000.0,27500.0,27250.0,71077.0,25586.828125
2017-08-28,27250.0,26950.0,27050.0,27100.0,90849.0,25445.982421875
2017-08-29,27150.0,26250.0,27150.0,26650.0,170631.0,25023.447265625
2017-08-30,27200.0,26600.0,26800.0,27200.0,83211.0,25539.87890625
2017-08-31,27050.0,26500.0,27000.0,26500.0,138334.0,24882.6015625
2017-09-01,26550.0,26100.0,26500.0,26250.0,123249.0,24647.859375
2017-09-04,26550.0,25900.0,26000.0,26350.0,76664.0,24741.755859375
2017-09-05,26500.0,26050.0,26400.0,26100.0,59148.0,24507.015625
2017-09-06,26600.0,26000.0,26000.0,26450.0,62229.0,24835.654296875
2017-09-07,26700.0,26100.0,26550.0,26550.0,59647.0,24929.55078125
2017-09-08,26600.0,26200.0,26500.0,26350.0,58016.0,24741.755859375
2017-09-11,27000.0,26250.0,26250.0,26700.0,52345.0,25070.39453125
2017-09-12,26600.0,26250.0,26500.0,26300.0,64427.0,24694.80859375
2017-09-13,26500.0,26200.0,26300.0,26250.0,45206.0,24647.859375
2017-09-14,26850.0,26050.0,26150.0,26850.0,102040.0,25211.240234375
2017-09-15,26850.0,26250.0,26850.0,26250.0,68481.0,24647.859375
2017-09-18,26350.0,26100.0,26250.0,26200.0,54893.0,24600.912109375
2017-09-19,26400.0,25950.0,26050.0,26400.0,42207.0,24788.705078125
2017-09-20,26500.0,26050.0,26400.0,26150.0,53115.0,24553.962890625
2017-09-21,26150.0,25800.0,26000.0,25800.0,62076.0,24225.326171875
2017-09-25,26000.0,25250.0,26000.0,25300.0,54723.0,23755.841796875
2017-09-26,25300.0,25300.0,25300.0,25300.0,0.0,23755.841796875
2017-09-27,26700.0,25950.0,26200.0,26200.0,44120.0,24600.912109375
2017-09-28,26500.0,25800.0,26000.0,26450.0,58283.0,24835.654296875
2017-09-29,26800.0,26250.0,26750.0,26800.0,45127.0,25164.291015625
2017-10-10,27200.0,26550.0,26600.0,27000.0,94269.0,25352.0859375
2017-10-11,27300.0,26600.0,26950.0,26900.0,84674.0,25258.189453125
2017-10-12,27250.0,26550.0,26550.0,27150.0,74869.0,25492.9296875
2017-10-13,27300.0,26900.0,27150.0,27000.0,64502.0,25352.0859375
2017-10-16,27250.0,26850.0,27000.0,27200.0,59237.0,25539.87890625
2017-10-17,27250.0,26700.0,27250.0,27100.0,61338.0,25445.982421875
2017-10-18,27250.0,26800.0,26900.0,27150.0,36795.0,25492.9296875
2017-10-19,27350.0,26900.0,27000.0,27350.0,46121.0,25680.72265625
2017-10-20,27400.0,27100.0,27350.0,27400.0,48300.0,25727.669921875
2017-10-23,27400.0,27000.0,27400.0,27000.0,53952.0,25352.0859375
2017-10-24,27850.0,26350.0,26800.0,27850.0,86034.0,26150.205078125
2017-10-25,28200.0,27600.0,27800.0,28100.0,75201.0,26384.947265625
2017-10-26,28250.0,28000.0,28000.0,28000.0,37339.0,26291.05078125
2017-10-27,28050.0,27600.0,27750.0,27850.0,55361.0,26150.205078125
2017-10-30,28000.0,27500.0,27850.0,28000.0,56735.0,26291.05078125
2017-10-31,28100.0,27500.0,27950.0,27500.0,78154.0,25821.56640625
2017-11-01,28000.0,27500.0,27500.0,27950.0,90041.0,26244.103515625
2017-11-02,28100.0,27750.0,28000.0,27900.0,66986.0,26197.154296875
2017-11-03,28500.0,28150.0,28150.0,28350.0,69404.0,26619.689453125
2017-11-06,28650.0,28100.0,28400.0,28200.0,83889.0,26478.84375
2017-11-07,28350.0,28200.0,28200.0,28250.0,73259.0,26525.79296875
2017-11-08,28450.0,27800.0,28250.0,28450.0,87752.0,26713.5859375
2017-11-09,28900.0,28450.0,28600.0,28750.0,118708.0,26995.275390625
2017-11-10,29000.0,28500.0,28650.0,28600.0,86609.0,26854.431640625
2017-11-13,28800.0,28300.0,28350.0,28500.0,87194.0,26760.53515625
2017-11-14,28750.0,28250.0,28300.0,28700.0,79307.0,26948.326171875
2017-11-15,29000.0,28750.0,28800.0,28900.0,103277.0,27136.119140625
2017-11-17,29200.0,28700.0,29000.0,28850.0,125794.0,27089.171875
2017-11-20,30300.0,28600.0,28750.0,30050.0,217031.0,28215.931640625
2017-11-21,30150.0,29450.0,30050.0,29650.0,84317.0,27840.345703125
2017-11-22,29800.0,28850.0,29600.0,29000.0,88530.0,27230.017578125
2017-11-24,29500.0,29050.0,29200.0,29450.0,43604.0,27652.552734375
2017-11-27,30000.0,29500.0,29500.0,29500.0,76937.0,27699.5
2017-11-28,29650.0,29200.0,29400.0,29250.0,69565.0,27464.7578125
2017-11-29,30000.0,29350.0,29550.0,29750.0,68186.0,27934.2421875
2017-11-30,30100.0,29550.0,30100.0,29850.0,161802.0,28028.138671875
2017-12-01,29950.0,29300.0,29650.0,29300.0,63385.0,27511.70703125
2017-12-04,29700.0,28850.0,29650.0,28950.0,60478.0,27183.068359375
2017-12-05,29200.0,28900.0,28950.0,29050.0,60072.0,27276.96484375
2017-12-06,29200.0,28900.0,29050.0,28900.0,56157.0,27136.119140625
2017-12-07,29100.0,28650.0,29000.0,28750.0,77415.0,26995.275390625
2017-12-08,28750.0,28450.0,28600.0,28550.0,90531.0,26807.482421875
2017-12-11,28850.0,28150.0,28150.0,28500.0,63813.0,26760.53515625
2017-12-12,28400.0,28050.0,28250.0,28200.0,105779.0,26478.84375
2017-12-13,28600.0,28150.0,28200.0,28450.0,109799.0,26713.5859375
2017-12-14,28600.0,27700.0,28500.0,27700.0,176035.0,26009.361328125
2017-12-15,28950.0,27900.0,27950.0,28950.0,188725.0,27183.068359375
2017-12-18,29600.0,28950.0,29050.0,29500.0,96544.0,27699.5
2017-12-19,29750.0,28800.0,29550.0,28950.0,70480.0,27183.068359375
2017-12-21,29250.0,28750.0,29100.0,29100.0,77046.0,27323.9140625
2017-12-22,29500.0,28850.0,29500.0,29400.0,82434.0,27605.603515625
2017-12-26,29700.0,29400.0,29400.0,29550.0,97977.0,27746.44921875
2017-12-27,29400.0,28450.0,29050.0,29100.0,50735.0,27986.88671875
2017-12-28,29100.0,28550.0,29100.0,29100.0,59344.0,27986.88671875
2018-01-03,28900.0,28400.0,28400.0,28500.0,79811.0,27409.8359375
2018-01-04,28700.0,28200.0,28400.0,28300.0,80171.0,27217.486328125
2018-01-05,28400.0,27700.0,28300.0,28150.0,87390.0,27073.224609375
2018-01-08,28300.0,27800.0,28150.0,28150.0,45824.0,27073.224609375
2018-01-09,28350.0,27950.0,28150.0,28300.0,61142.0,27217.486328125
2018-01-10,28650.0,28150.0,28150.0,28550.0,68225.0,27457.923828125
2018-01-11,28800.0,28450.0,28800.0,28700.0,60650.0,27602.1875
2018-01-12,29100.0,28600.0,28700.0,28650.0,84837.0,27554.099609375
2018-01-15,28800.0,28200.0,28500.0,28700.0,51577.0,27602.1875
2018-01-16,29050.0,28300.0,28450.0,28850.0,80691.0,27746.44921875
2018-01-17,29250.0,28650.0,28650.0,29100.0,77569.0,27986.88671875
2018-01-18,29200.0,28350.0,29200.0,28550.0,79327.0,27457.923828125
2018-01-19,28500.0,28050.0,28400.0,28150.0,68121.0,27073.224609375
2018-01-22,28250.0,27900.0,28150.0,28150.0,69419.0,27073.224609375
2018-01-23,28500.0,27950.0,28150.0,28500.0,77443.0,27409.8359375
2018-01-24,29000.0,28350.0,28400.0,28950.0,61889.0,27842.623046875
2018-01-25,29400.0,28650.0,28700.0,29250.0,73979.0,28131.1484375
2018-01-26,29650.0,29250.0,29250.0,29550.0,74337.0,28419.673828125
2018-01-29,29700.0,29500.0,29600.0,29600.0,63259.0,28467.759765625
2018-01-30,29800.0,29350.0,29450.0,29550.0,73467.0,28419.673828125
2018-01-31,29550.0,28800.0,29500.0,29250.0,84089.0,28131.1484375
2018-02-01,29300.0,28900.0,29050.0,28950.0,60162.0,27842.623046875
2018-02-02,29050.0,28600.0,28850.0,28600.0,58388.0,27506.01171875
2018-02-05,28800.0,28250.0,28600.0,28400.0,69842.0,27313.662109375
2018-02-06,28300.0,27400.0,28300.0,28150.0,119864.0,27073.224609375
2018-02-07,28950.0,27950.0,28150.0,28000.0,112672.0,26928.962890625
2018-02-08,28500.0,28000.0,28050.0,28350.0,95494.0,27265.57421875
2018-02-09,28750.0,27700.0,28000.0,28550.0,135943.0,27457.923828125
2018-02-12,28900.0,28200.0,28550.0,28700.0,61901.0,27602.1875
2018-02-13,29000.0,28200.0,28450.0,28250.0,61045.0,27169.400390625
2018-02-14,28650.0,27850.0,28300.0,28000.0,63058.0,26928.962890625
2018-02-19,28550.0,28050.0,28550.0,28250.0,48290.0,27169.400390625
2018-02-20,28250.0,27800.0,28250.0,28000.0,51129.0,26928.962890625
2018-02-21,28300.0,27750.0,28050.0,28000.0,54682.0,26928.962890625
2018-02-22,28300.0,27850.0,27900.0,28000.0,38129.0,26928.962890625
2018-02-23,28350.0,28000.0,28300.0,28250.0,58224.0,27169.400390625
2018-02-26,28350.0,28100.0,28350.0,28350.0,37592.0,27265.57421875
2018-02-27,28400.0,27850.0,28300.0,28150.0,71694.0,27073.224609375
2018-02-28,28200.0,27750.0,27900.0,27850.0,102258.0,26784.69921875
2018-03-02,27600.0,26900.0,27400.0,27450.0,89261.0,26400.0
2018-03-05,27450.0,27100.0,27150.0,27100.0,42575.0,26063.388671875
2018-03-06,27600.0,27050.0,27150.0,27300.0,47741.0,26255.73828125
2018-03-07,27350.0,26850.0,27300.0,27200.0,59263.0,26159.564453125
2018-03-08,27400.0,27000.0,27150.0,27250.0,80340.0,26207.650390625
2018-03-09,27650.0,27150.0,27650.0,27200.0,59302.0,26159.564453125
2018-03-12,27600.0,27200.0,27600.0,27500.0,62280.0,26448.087890625
2018-03-13,27900.0,27200.0,27250.0,27650.0,71382.0,26592.349609375
2018-03-14,27800.0,27300.0,27350.0,27650.0,43404.0,26592.349609375
2018-03-15,27650.0,27150.0,27650.0,27200.0,75553.0,26159.564453125
2018-03-16,27400.0,26950.0,27200.0,27400.0,69519.0,26351.9140625
2018-03-19,27500.0,27100.0,27450.0,27300.0,37073.0,26255.73828125
2018-03-20,27400.0,27050.0,27100.0,27250.0,44339.0,26207.650390625
2018-03-21,27650.0,27200.0,27200.0,27550.0,89079.0,26496.17578125
2018-03-22,27800.0,27300.0,27550.0,27350.0,59551.0,26303.826171875
2018-03-23,27100.0,26500.0,27050.0,26500.0,119530.0,25486.33984375
2018-03-26,26650.0,26150.0,26500.0,26550.0,50259.0,25534.427734375
2018-03-27,26950.0,26550.0,26550.0,26800.0,57278.0,25774.86328125
2018-03-28,26900.0,26500.0,26600.0,26750.0,40654.0,25726.77734375
2018-03-29,26850.0,26050.0,26650.0,26050.0,91969.0,25053.552734375
2018-03-30,27050.0,26150.0,26200.0,26850.0,69062.0,25822.951171875
2018-04-02,27050.0,26550.0,26550.0,26700.0,31729.0,25678.689453125
2018-04-03,27250.0,26400.0,26950.0,27100.0,69446.0,26063.388671875
2018-04-04,27400.0,26800.0,26950.0,26950.0,67348.0,25919.126953125
2018-04-05,27400.0,27000.0,27000.0,27400.0,51405.0,26351.9140625
2018-04-06,27850.0,27000.0,27450.0,27450.0,60572.0,26400.0
2018-04-09,27250.0,26600.0,27200.0,27000.0,117790.0,25967.212890625
2018-04-10,27200.0,26500.0,26600.0,27000.0,88931.0,25967.212890625
2018-04-11,27400.0,26600.0,26600.0,27350.0,73896.0,26303.826171875
2018-04-12,27600.0,27000.0,27050.0,27200.0,56402.0,26159.564453125
2018-04-13,27450.0,27000.0,27000.0,27200.0,42323.0,26159.564453125
2018-04-16,27350.0,26750.0,27200.0,27000.0,42139.0,25967.212890625
2018-04-17,27000.0,26550.0,26900.0,26650.0,43937.0,25630.6015625
2018-04-18,27200.0,26550.0,26600.0,26800.0,51012.0,25774.86328125
2018-04-19,27250.0,26550.0,26700.0,27050.0,64028.0,26015.30078125
2018-04-20,27300.0,26900.0,26950.0,27200.0,38011.0,26159.564453125
2018-04-23,27300.0,27050.0,27200.0,27150.0,48523.0,26111.4765625
2018-04-24,27650.0,27050.0,27150.0,27650.0,264694.0,26592.349609375
2018-04-25,27750.0,27150.0,27750.0,27200.0,194947.0,26159.564453125
2018-04-26,27550.0,26850.0,27250.0,26850.0,85434.0,25822.951171875
2018-04-27,27600.0,26850.0,26850.0,27450.0,83643.0,26400.0
2018-04-30,27650.0,26600.0,27650.0,27550.0,45871.0,26496.17578125
2018-05-02,27650.0,27300.0,27550.0,27600.0,42002.0,26544.263671875
2018-05-03,28000.0,27500.0,27650.0,27800.0,73015.0,26736.61328125
2018-05-04,27900.0,27300.0,27650.0,27300.0,54742.0,26255.73828125
2018-05-08,27600.0,26800.0,27350.0,27300.0,85813.0,26255.73828125
2018-05-09,27750.0,27000.0,27000.0,27500.0,93888.0,26448.087890625
2018-05-10,27700.0,27200.0,27200.0,27600.0,61954.0,26544.263671875
2018-05-11,27650.0,27300.0,27300.0,27550.0,50935.0,26496.17578125
2018-05-14,28200.0,27500.0,27550.0,28050.0,110395.0,26977.05078125
2018-05-15,28300.0,27800.0,28000.0,27900.0,106261.0,26832.787109375
2018-05-16,28000.0,27050.0,27700.0,27450.0,104499.0,26400.0
2018-05-17,27600.0,26900.0,27300.0,26900.0,75206.0,25871.0390625
2018-05-18,27100.0,26750.0,26900.0,26850.0,40906.0,25822.951171875
2018-05-21,27100.0,26800.0,26850.0,26850.0,37138.0,25822.951171875
2018-05-23,26750.0,26300.0,26700.0,26450.0,68793.0,25438.251953125
2018-05-24,26650.0,26400.0,26400.0,26450.0,37092.0,25438.251953125
2018-05-25,26500.0,26000.0,26350.0,26150.0,95835.0,25149.7265625
2018-05-28,26400.0,25950.0,26350.0,26050.0,50149.0,25053.552734375
2018-05-29,26400.0,25950.0,26100.0,26200.0,39880.0,25197.814453125
2018-05-30,26200.0,25350.0,26050.0,25500.0,123039.0,24524.58984375
2018-05-31,25950.0,25400.0,25550.0,25950.0,168978.0,24957.376953125
2018-06-01,26350.0,25750.0,25900.0,25750.0,67927.0,24765.02734375
2018-06-04,26000.0,25500.0,25900.0,25900.0,70925.0,24909.291015625
2018-06-05,26350.0,25800.0,25800.0,26100.0,81219.0,25101.640625
2018-06-07,26500.0,26000.0,26000.0,26300.0,78346.0,25293.990234375
2018-06-08,26500.0,26200.0,26500.0,26250.0,58769.0,25245.90234375
2018-06-11,26500.0,26250.0,26500.0,26400.0,66133.0,25390.1640625
2018-06-12,26750.0,26250.0,26250.0,26500.0,85008.0,25486.33984375
2018-06-14,26750.0,26250.0,26450.0,26450.0,124726.0,25438.251953125
2018-06-15,26600.0,26000.0,26350.0,26200.0,77853.0,25197.814453125
2018-06-18,26550.0,26100.0,26500.0,26400.0,78091.0,25390.1640625
2018-06-19,26500.0,26100.0,26100.0,26350.0,82928.0,25342.078125
2018-06-20,26600.0,26100.0,26400.0,26200.0,76654.0,25197.814453125
2018-06-21,26300.0,25500.0,26100.0,26050.0,53519.0,25053.552734375
2018-06-22,26200.0,25650.0,25650.0,26150.0,46507.0,25149.7265625
2018-06-25,26250.0,25700.0,25850.0,26100.0,43461.0,25101.640625
2018-06-26,26450.0,26000.0,26400.0,26250.0,66655.0,25245.90234375
2018-06-27,26450.0,26050.0,26100.0,26100.0,93249.0,25101.640625
2018-06-28,26400.0,26150.0,26400.0,26250.0,43947.0,25245.90234375
2018-06-29,26200.0,25800.0,25850.0,26150.0,81136.0,25149.7265625
2018-07-02,26150.0,25650.0,25850.0,25650.0,61192.0,24668.853515625
2018-07-03,26000.0,25500.0,25550.0,25800.0,63757.0,24813.115234375
2018-07-04,25800.0,25150.0,25550.0,25250.0,63044.0,24284.154296875
2018-07-05,25400.0,25000.0,25100.0,25350.0,48842.0,24380.328125
2018-07-06,25650.0,25150.0,25150.0,25350.0,38860.0,24380.328125
2018-07-09,25600.0,25150.0,25150.0,25400.0,32457.0,24428.416015625
2018-07-10,25600.0,25300.0,25300.0,25450.0,47279.0,24476.50390625
2018-07-11,25400.0,25100.0,25100.0,25100.0,69491.0,24139.890625
2018-07-12,25850.0,25150.0,25300.0,25300.0,73302.0,24332.240234375
2018-07-13,25750.0,25300.0,25500.0,25600.0,40279.0,24620.765625
2018-07-16,25650.0,25350.0,25350.0,25450.0,39608.0,24476.50390625
2018-07-17,25850.0,25300.0,25300.0,25800.0,43216.0,24813.115234375
2018-07-18,26000.0,25650.0,25650.0,25950.0,52339.0,24957.376953125
2018-07-19,26000.0,25650.0,25700.0,25650.0,44370.0,24668.853515625
2018-07-20,25950.0,25350.0,25350.0,25900.0,40778.0,24909.291015625
2018-07-23,26200.0,25600.0,25600.0,26100.0,48000.0,25101.640625
2018-07-24,26150.0,25850.0,25850.0,26000.0,27557.0,25005.46484375
2018-07-25,26200.0,25850.0,25850.0,25950.0,29383.0,24957.376953125
2018-07-26,26050.0,25450.0,25850.0,25550.0,52649.0,24572.677734375
2018-07-27,25650.0,25200.0,25450.0,25400.0,33659.0,24428.416015625
2018-07-30,25550.0,25250.0,25300.0,25450.0,20671.0,24476.50390625
2018-07-31,25550.0,25350.0,25350.0,25500.0,31635.0,24524.58984375
2018-08-01,25550.0,25100.0,25400.0,25200.0,93062.0,24236.06640625
2018-08-02,25450.0,24700.0,25200.0,24750.0,72488.0,23803.279296875
2018-08-03,25300.0,24650.0,24750.0,25300.0,61289.0,24332.240234375
2018-08-06,25500.0,25150.0,25300.0,25500.0,39067.0,24524.58984375
2018-08-07,25600.0,25200.0,25550.0,25600.0,40943.0,24620.765625
2018-08-08,25550.0,25250.0,25350.0,25450.0,46715.0,24476.50390625
2018-08-09,25500.0,25300.0,25450.0,25450.0,37208.0,24476.50390625
2018-08-10,25600.0,25250.0,25450.0,25350.0,32182.0,24380.328125
2018-08-13,25550.0,25250.0,25300.0,25400.0,37458.0,24428.416015625
2018-08-14,25500.0,25200.0,25500.0,25400.0,39876.0,24428.416015625
2018-08-16,25400.0,25000.0,25250.0,25100.0,39925.0,24139.890625
2018-08-17,25100.0,24450.0,25000.0,24700.0,84150.0,23755.19140625
2018-08-20,24900.0,24050.0,24800.0,24050.0,63106.0,23130.0546875
2018-08-21,24050.0,23250.0,24050.0,23700.0,111489.0,22793.443359375
2018-08-22,23900.0,23250.0,23600.0,23350.0,84542.0,22456.83203125
2018-08-23,23500.0,22900.0,23400.0,23150.0,91781.0,22264.482421875
2018-08-24,23400.0,23050.0,23050.0,23300.0,53457.0,22408.744140625
2018-08-27,23450.0,22550.0,23350.0,22600.0,128763.0,21735.51953125
2018-08-28,22900.0,22350.0,22800.0,22900.0,123765.0,22024.044921875
2018-08-29,23000.0,22550.0,22950.0,22600.0,59244.0,21735.51953125
2018-08-30,22750.0,22350.0,22650.0,22450.0,95098.0,21591.2578125
2018-08-31,22750.0,22450.0,22550.0,22650.0,63270.0,21783.607421875
2018-09-03,22750.0,22500.0,22600.0,22600.0,39796.0,21735.51953125
2018-09-04,22650.0,22000.0,22600.0,22150.0,109521.0,21302.732421875
2018-09-05,22400.0,21950.0,22100.0,22150.0,65796.0,21302.732421875
2018-09-06,22250.0,21900.0,21950.0,21900.0,69234.0,21062.294921875
2018-09-07,22250.0,21850.0,22200.0,21900.0,134343.0,21062.294921875
2018-09-10,22400.0,21850.0,21900.0,21950.0,149341.0,21110.3828125
2018-09-11,22150.0,21700.0,21950.0,21800.0,125198.0,20966.12109375
2018-09-12,22000.0,21300.0,21650.0,21400.0,192342.0,20581.421875
2018-09-13,21650.0,21150.0,21450.0,21150.0,212672.0,20340.984375
2018-09-14,21550.0,21250.0,21250.0,21300.0,110609.0,20485.24609375
2018-09-17,21350.0,20900.0,21200.0,21000.0,134650.0,20196.72265625
2018-09-18,21050.0,20600.0,21000.0,20700.0,191621.0,19908.197265625
2018-09-19,20900.0,20400.0,20700.0,20600.0,154219.0,19812.021484375
2018-09-20,22100.0,20500.0,20500.0,22000.0,308189.0,21158.470703125
2018-09-21,22200.0,21250.0,22200.0,21700.0,142043.0,20869.9453125
2018-09-27,21600.0,20950.0,21500.0,21000.0,196243.0,20196.72265625
2018-09-28,21250.0,20900.0,20950.0,21000.0,135552.0,20196.72265625
2018-10-01,21200.0,20900.0,21000.0,20900.0,99198.0,20100.546875
2018-10-02,21150.0,20550.0,20850.0,20750.0,192654.0,19956.28515625
2018-10-04,21000.0,20300.0,20750.0,20800.0,357681.0,20004.373046875
2018-10-05,21100.0,20500.0,20950.0,20850.0,247534.0,20052.458984375
2018-10-08,20950.0,20400.0,20950.0,20400.0,113644.0,19619.671875
2018-10-10,21100.0,20400.0,20400.0,21000.0,153525.0,20196.72265625
2018-10-11,20850.0,20400.0,20750.0,20400.0,169836.0,19619.671875
2018-10-12,20400.0,19800.0,20400.0,19850.0,155313.0,19090.7109375
2018-10-15,20000.0,19600.0,19650.0,19850.0,123387.0,19090.7109375
2018-10-16,20100.0,19800.0,19900.0,20050.0,77198.0,19283.060546875
2018-10-17,20500.0,19950.0,20100.0,20000.0,82097.0,19234.97265625
2018-10-18,20100.0,19900.0,19950.0,19950.0,85405.0,19186.88671875
2018-10-19,20000.0,19600.0,20000.0,19800.0,293149.0,19042.623046875
2018-10-22,19800.0,19550.0,19750.0,19600.0,107400.0,18850.2734375
2018-10-23,19950.0,18900.0,19600.0,19050.0,156620.0,18321.3125
2018-10-24,19900.0,19150.0,19300.0,19700.0,202958.0,18946.44921875
2018-10-25,19700.0,18800.0,19000.0,19050.0,149856.0,18321.3125
2018-10-26,19250.0,18300.0,19100.0,18500.0,197593.0,17792.349609375
2018-10-29,18850.0,18000.0,18000.0,18350.0,164159.0,17648.087890625
2018-10-30,18600.0,17700.0,18350.0,17900.0,188347.0,17215.30078125
2018-10-31,18700.0,17850.0,17850.0,18650.0,147437.0,17936.61328125
2018-11-01,18650.0,18300.0,18400.0,18300.0,98849.0,17600.0
2018-11-02,18900.0,18300.0,18300.0,18700.0,80889.0,17984.69921875
2018-11-05,18750.0,18200.0,18550.0,18450.0,84745.0,17744.263671875
2018-11-06,18650.0,18300.0,18650.0,18550.0,75281.0,17840.4375
2018-11-07,18750.0,18100.0,18550.0,18100.0,88542.0,17407.650390625
2018-11-08,18600.0,18250.0,18250.0,18250.0,126443.0,17551.912109375
2018-11-09,18550.0,18100.0,18200.0,18100.0,77160.0,17407.650390625
2018-11-12,18300.0,17750.0,18050.0,17800.0,101983.0,17119.126953125
2018-11-13,18000.0,17400.0,17850.0,17850.0,116371.0,17167.212890625
2018-11-14,17800.0,16500.0,17800.0,16700.0,785522.0,16061.2021484375
2018-11-16,16900.0,16400.0,16600.0,16800.0,237559.0,16157.3779296875
2018-11-19,17450.0,16850.0,16850.0,17200.0,283495.0,16542.076171875
2018-11-20,18300.0,17200.0,17200.0,18250.0,310881.0,17551.912109375
2018-11-21,18150.0,17750.0,18150.0,18100.0,121173.0,17407.650390625
2018-11-22,18200.0,17650.0,18200.0,18000.0,107567.0,17311.4765625
2018-11-23,18100.0,17250.0,18000.0,17300.0,213357.0,16638.251953125
2018-11-26,18100.0,17200.0,17450.0,17850.0,216458.0,17167.212890625
2018-11-27,18300.0,17850.0,17950.0,18050.0,190894.0,17359.5625
2018-11-28,18250.0,17950.0,18100.0,18100.0,214899.0,17407.650390625
2018-11-29,18300.0,17850.0,18150.0,18100.0,178912.0,17407.650390625
2018-11-30,18200.0,17700.0,18000.0,17850.0,3452774.0,17167.212890625
2018-12-03,18100.0,17550.0,18050.0,17550.0,297377.0,16878.689453125
2018-12-04,17800.0,17350.0,17700.0,17400.0,206521.0,16734.42578125
2018-12-05,18400.0,17350.0,17450.0,17950.0,337484.0,17263.388671875
2018-12-06,18100.0,17350.0,17900.0,17600.0,260384.0,16926.77734375
2018-12-07,17800.0,17500.0,17700.0,17500.0,97536.0,16830.6015625
2018-12-10,18000.0,17200.0,17300.0,17950.0,147828.0,17263.388671875
2018-12-11,18050.0,17650.0,17900.0,17700.0,112111.0,17022.951171875
2018-12-12,17900.0,17650.0,17900.0,17750.0,106519.0,17071.0390625
2018-12-13,18350.0,17600.0,17850.0,18350.0,313647.0,17648.087890625
2018-12-14,18400.0,17850.0,18350.0,18050.0,203499.0,17359.5625
2018-12-17,19000.0,18050.0,18100.0,18700.0,372411.0,17984.69921875
2018-12-18,18950.0,18400.0,18800.0,18650.0,253153.0,17936.61328125
2018-12-19,19350.0,18400.0,18650.0,19200.0,232803.0,18465.57421875
2018-12-20,19600.0,18850.0,19200.0,19150.0,191013.0,18417.486328125
2018-12-21,19350.0,18850.0,19300.0,19000.0,242482.0,18273.224609375
2018-12-24,19300.0,18700.0,19000.0,18850.0,147489.0,18128.962890625
2018-12-26,18800.0,18200.0,18500.0,18300.0,231860.0,17600.0
2018-12-27,18250.0,17900.0,18250.0,18000.0,101577.0,18000.0
2018-12-28,18200.0,17650.0,18000.0,17900.0,109181.0,17900.0
2019-01-02,18100.0,17500.0,17850.0,17650.0,115040.0,17650.0
2019-01-03,17700.0,17200.0,17550.0,17450.0,145773.0,17450.0
2019-01-04,18250.0,17200.0,17400.0,18150.0,142643.0,18150.0
2019-01-07,18250.0,17800.0,18200.0,18100.0,128049.0,18100.0
2019-01-08,18900.0,18000.0,18200.0,18650.0,176868.0,18650.0
2019-01-09,18800.0,18400.0,18650.0,18400.0,137391.0,18400.0
2019-01-10,18550.0,18000.0,18400.0,18400.0,127434.0,18400.0
2019-01-11,19000.0,18250.0,18550.0,18800.0,164703.0,18800.0
2019-01-14,19200.0,18750.0,18800.0,19050.0,168139.0,19050.0
2019-01-15,19200.0,18700.0,19050.0,18700.0,137208.0,18700.0
2019-01-16,19350.0,18650.0,18650.0,18950.0,134708.0,18950.0
2019-01-17,19200.0,18750.0,19000.0,18900.0,71311.0,18900.0
2019-01-18,19150.0,18800.0,18900.0,19000.0,74455.0,19000.0
2019-01-21,19350.0,19000.0,19000.0,19250.0,110653.0,19250.0
2019-01-22,19350.0,19100.0,19250.0,19100.0,95520.0,19100.0
2019-01-23,19500.0,19100.0,19200.0,19350.0,89088.0,19350.0
2019-01-24,19500.0,19100.0,19150.0,19400.0,88846.0,19400.0
2019-01-25,19650.0,19200.0,19400.0,19500.0,87750.0,19500.0
2019-01-28,19550.0,19250.0,19400.0,19450.0,79363.0,19450.0
2019-01-29,19500.0,18950.0,19350.0,19400.0,159592.0,19400.0
2019-01-30,19650.0,19200.0,19650.0,19400.0,103951.0,19400.0
2019-01-31,19550.0,19050.0,19500.0,19200.0,118991.0,19200.0
2019-02-01,19300.0,19000.0,19100.0,19000.0,82664.0,19000.0
2019-02-07,19200.0,18850.0,19050.0,19150.0,97435.0,19150.0
2019-02-08,19250.0,18950.0,19150.0,19100.0,55543.0,19100.0
2019-02-11,19200.0,18550.0,19100.0,18950.0,109240.0,18950.0
2019-02-12,19050.0,18700.0,18950.0,18900.0,66879.0,18900.0
2019-02-13,19350.0,18800.0,18900.0,19250.0,131892.0,19250.0
2019-02-14,19450.0,18950.0,19150.0,19450.0,77323.0,19450.0
2019-02-15,19200.0,18900.0,19150.0,19050.0,93821.0,19050.0
2019-02-18,19200.0,18900.0,19000.0,19000.0,67490.0,19000.0
2019-02-19,19000.0,18850.0,18900.0,18850.0,73744.0,18850.0
2019-02-20,19000.0,18750.0,18800.0,18750.0,83447.0,18750.0
2019-02-21,18900.0,18650.0,18650.0,18700.0,64115.0,18700.0
2019-02-22,18850.0,18600.0,18750.0,18650.0,85717.0,18650.0
2019-02-25,18900.0,18650.0,18650.0,18800.0,95565.0,18800.0
2019-02-26,19000.0,18700.0,18700.0,18800.0,68215.0,18800.0
2019-02-27,21000.0,18750.0,18900.0,21000.0,696154.0,21000.0
2019-02-28,21050.0,19750.0,21050.0,19750.0,361975.0,19750.0
2019-03-04,20500.0,20000.0,20050.0,20200.0,243017.0,20200.0
2019-03-05,20950.0,20000.0,20200.0,20600.0,262380.0,20600.0
2019-03-06,21150.0,20600.0,20750.0,21000.0,196361.0,21000.0
2019-03-07,21350.0,20800.0,21000.0,21250.0,228693.0,21250.0
2019-03-08,21350.0,20750.0,21200.0,21050.0,199516.0,21050.0
2019-03-11,21200.0,20750.0,21000.0,21050.0,193782.0,21050.0
2019-03-12,21150.0,20350.0,21050.0,20800.0,160001.0,20800.0
2019-03-13,20900.0,20400.0,20800.0,20750.0,111982.0,20750.0
2019-03-14,21900.0,20650.0,20900.0,21900.0,482684.0,21900.0
2019-03-15,21700.0,20800.0,21650.0,21050.0,306152.0,21050.0
2019-03-18,21350.0,20500.0,21350.0,20850.0,160750.0,20850.0
2019-03-19,21050.0,20650.0,21000.0,20700.0,69819.0,20700.0
2019-03-20,20650.0,19750.0,20650.0,20050.0,155156.0,20050.0
2019-03-21,20200.0,19400.0,19950.0,19550.0,164235.0,19550.0
2019-03-22,19750.0,19250.0,19600.0,19450.0,107886.0,19450.0
2019-03-25,19900.0,19250.0,19250.0,19700.0,138436.0,19700.0
2019-03-26,20200.0,19750.0,19850.0,19850.0,69551.0,19850.0
2019-03-27,20100.0,19650.0,19850.0,19750.0,79316.0,19750.0
2019-03-28,20150.0,19450.0,19650.0,19950.0,97139.0,19950.0
2019-03-29,20300.0,19700.0,20000.0,19700.0,71109.0,19700.0
2019-04-01,20750.0,19750.0,19750.0,20450.0,203351.0,20450.0
2019-04-02,20750.0,20200.0,20350.0,20750.0,114874.0,20750.0
2019-04-03,20750.0,20350.0,20550.0,20400.0,111447.0,20400.0
2019-04-04,20600.0,20150.0,20400.0,20350.0,80004.0,20350.0
2019-04-05,20400.0,20100.0,20350.0,20150.0,50975.0,20150.0
2019-04-08,20350.0,19900.0,20150.0,19900.0,117996.0,19900.0
2019-04-09,20050.0,19650.0,19900.0,19750.0,135914.0,19750.0
2019-04-10,20350.0,19700.0,19700.0,19850.0,125006.0,19850.0
2019-04-11,20250.0,19850.0,20000.0,20000.0,108697.0,20000.0
2019-04-12,20250.0,19850.0,20200.0,19900.0,172335.0,19900.0
2019-04-15,20700.0,20050.0,20150.0,20550.0,284498.0,20550.0
2019-04-16,20800.0,20550.0,20600.0,20700.0,127569.0,20700.0
2019-04-17,20700.0,20400.0,20600.0,20500.0,79184.0,20500.0
2019-04-18,20600.0,20200.0,20500.0,20200.0,111118.0,20200.0
2019-04-19,20450.0,20100.0,20300.0,20200.0,78193.0,20200.0
2019-04-22,20250.0,19850.0,20200.0,20000.0,97537.0,20000.0
2019-04-23,20200.0,19450.0,20200.0,19900.0,114878.0,19900.0
2019-04-24,20000.0,19450.0,19950.0,19550.0,107904.0,19550.0
2019-04-25,19700.0,19450.0,19600.0,19500.0,52344.0,19500.0
2019-04-26,19500.0,19200.0,19450.0,19250.0,70304.0,19250.0
2019-04-29,19750.0,19200.0,19250.0,19650.0,79509.0,19650.0
2019-04-30,19650.0,19250.0,19600.0,19550.0,120279.0,19550.0
2019-05-02,19850.0,19400.0,19600.0,19800.0,75216.0,19800.0
2019-05-03,20100.0,19550.0,19550.0,20000.0,104307.0,20000.0
2019-05-07,20100.0,19550.0,19750.0,19600.0,76558.0,19600.0
2019-05-08,19650.0,19300.0,19300.0,19550.0,84743.0,19550.0
2019-05-09,19750.0,18950.0,19550.0,18950.0,135227.0,18950.0
2019-05-10,20300.0,19000.0,19000.0,20150.0,209514.0,20150.0
2019-05-13,20350.0,19750.0,19900.0,20250.0,128620.0,20250.0
2019-05-14,20400.0,19800.0,19950.0,20350.0,157945.0,20350.0
2019-05-15,20350.0,19850.0,20350.0,20200.0,86887.0,20200.0
2019-05-16,20300.0,19850.0,20100.0,20000.0,58925.0,20000.0
2019-05-17,20200.0,19850.0,20200.0,19950.0,47697.0,19950.0
2019-05-20,20300.0,19950.0,20150.0,20100.0,46159.0,20100.0
2019-05-21,20300.0,19850.0,19850.0,20050.0,50030.0,20050.0
2019-05-22,20200.0,19950.0,20050.0,20100.0,56704.0,20100.0
2019-05-23,20250.0,19850.0,20150.0,19900.0,51146.0,19900.0
2019-05-24,20200.0,19950.0,20150.0,20150.0,47048.0,20150.0
2019-05-27,20300.0,20000.0,20300.0,20200.0,38792.0,20200.0
2019-05-28,20850.0,20200.0,20200.0,20450.0,174678.0,20450.0
2019-05-29,20600.0,19350.0,20250.0,19350.0,215735.0,19350.0
2019-05-30,19600.0,18950.0,19400.0,19250.0,124721.0,19250.0
2019-05-31,19250.0,18850.0,19200.0,18900.0,80665.0,18900.0
2019-06-03,19000.0,18450.0,18900.0,18550.0,107421.0,18550.0
2019-06-04,18800.0,18350.0,18650.0,18400.0,112665.0,18400.0
2019-06-05,18650.0,18400.0,18450.0,18600.0,46702.0,18600.0
2019-06-07,19000.0,18400.0,18600.0,18750.0,70095.0,18750.0
2019-06-10,19050.0,18750.0,18900.0,18900.0,42344.0,18900.0
2019-06-11,19350.0,18900.0,18900.0,19150.0,47432.0,19150.0
2019-06-12,19400.0,19050.0,19350.0,19100.0,66172.0,19100.0
2019-06-13,19400.0,19000.0,19100.0,19400.0,84149.0,19400.0
2019-06-14,19400.0,19050.0,19300.0,19250.0,69132.0,19250.0
2019-06-17,19500.0,19150.0,19250.0,19350.0,42489.0,19350.0
2019-06-18,19350.0,19150.0,19150.0,19300.0,35657.0,19300.0
2019-06-19,19500.0,19150.0,19350.0,19150.0,48497.0,19150.0
2019-06-20,19450.0,19100.0,19150.0,19400.0,80669.0,19400.0
2019-06-21,19350.0,19150.0,19250.0,19300.0,64433.0,19300.0
2019-06-24,19300.0,19000.0,19300.0,19000.0,54081.0,19000.0
2019-06-25,19300.0,18950.0,19000.0,18950.0,47844.0,18950.0
2019-06-26,19100.0,18850.0,18850.0,19050.0,70059.0,19050.0
2019-06-27,19400.0,18900.0,19050.0,19300.0,79536.0,19300.0
2019-06-28,19450.0,19000.0,19300.0,19250.0,76120.0,19250.0
2019-07-01,19450.0,19000.0,19450.0,19050.0,57617.0,19050.0
2019-07-02,19000.0,18800.0,19000.0,18850.0,39741.0,18850.0
2019-07-03,19100.0,18650.0,19100.0,18700.0,57142.0,18700.0
2019-07-04,19000.0,18550.0,19000.0,18700.0,70415.0,18700.0
2019-07-05,18950.0,18550.0,18700.0,18650.0,59078.0,18650.0
2019-07-08,18650.0,18150.0,18650.0,18200.0,64782.0,18200.0
2019-07-09,18400.0,17950.0,18350.0,17950.0,81412.0,17950.0
2019-07-10,18300.0,17750.0,17750.0,18150.0,59612.0,18150.0
2019-07-11,18450.0,18050.0,18050.0,18300.0,46840.0,18300.0
2019-07-12,18400.0,17900.0,18150.0,18000.0,218076.0,18000.0
2019-07-15,18200.0,17800.0,18000.0,18000.0,67312.0,18000.0
2019-07-16,18100.0,17800.0,18100.0,18050.0,60796.0,18050.0
2019-07-17,18050.0,17650.0,17900.0,18000.0,105738.0,18000.0
2019-07-18,18050.0,17750.0,17850.0,18000.0,79902.0,18000.0
2019-07-19,18200.0,17900.0,18000.0,18200.0,104233.0,18200.0
2019-07-22,18300.0,18000.0,18150.0,18250.0,52273.0,18250.0
2019-07-23,18550.0,18100.0,18150.0,18500.0,51278.0,18500.0
2019-07-24,18800.0,18200.0,18350.0,18500.0,105223.0,18500.0
2019-07-25,18650.0,18100.0,18350.0,18350.0,82404.0,18350.0
2019-07-26,18600.0,18050.0,18300.0,18150.0,55208.0,18150.0
2019-07-29,18200.0,17450.0,18000.0,17600.0,73752.0,17600.0
2019-07-30,17900.0,17500.0,17900.0,17600.0,38733.0,17600.0
2019-07-31,18050.0,17650.0,17850.0,17850.0,80057.0,17850.0
2019-08-01,17850.0,17550.0,17800.0,17750.0,35161.0,17750.0
2019-08-02,17750.0,17350.0,17500.0,17350.0,57678.0,17350.0
2019-08-05,17500.0,16850.0,17300.0,17100.0,92163.0,17100.0
2019-08-06,17250.0,16600.0,16700.0,17100.0,145560.0,17100.0
2019-08-07,17350.0,16850.0,16850.0,17300.0,106196.0,17300.0
2019-08-08,17550.0,17150.0,17500.0,17400.0,104238.0,17400.0
2019-08-09,17650.0,17200.0,17550.0,17250.0,48012.0,17250.0
2019-08-12,17250.0,17050.0,17100.0,17100.0,24406.0,17100.0
2019-08-13,17250.0,16950.0,17000.0,17200.0,54753.0,17200.0
2019-08-14,17300.0,17000.0,17100.0,17200.0,49294.0,17200.0
2019-08-16,17250.0,16800.0,17050.0,17100.0,49198.0,17100.0
2019-08-19,17550.0,17000.0,17050.0,17550.0,76614.0,17550.0
2019-08-20,17900.0,17300.0,17350.0,17800.0,78366.0,17800.0
2019-08-21,18150.0,17600.0,17800.0,18000.0,74596.0,18000.0
2019-08-22,18000.0,17650.0,17900.0,18000.0,60461.0,18000.0
2019-08-23,18000.0,17500.0,17650.0,17800.0,38139.0,17800.0
2019-08-26,18000.0,17550.0,17600.0,17750.0,45831.0,17750.0
2019-08-27,18050.0,17700.0,17700.0,17900.0,52149.0,17900.0
2019-08-28,18050.0,17800.0,18050.0,17950.0,33728.0,17950.0
2019-08-29,18150.0,17800.0,17800.0,18100.0,42513.0,18100.0
2019-08-30,18250.0,18000.0,18250.0,18000.0,35067.0,18000.0
2019-09-02,18100.0,17800.0,17800.0,17950.0,23436.0,17950.0
2019-09-03,18150.0,17850.0,17850.0,18050.0,36334.0,18050.0
2019-09-04,18100.0,17850.0,18000.0,18100.0,51441.0,18100.0
2019-09-05,18150.0,17900.0,17900.0,18100.0,73132.0,18100.0
2019-09-06,18050.0,17850.0,18000.0,17850.0,39896.0,17850.0
2019-09-09,18100.0,17400.0,17800.0,17400.0,134655.0,17400.0
2019-09-10,17600.0,17300.0,17300.0,17550.0,42910.0,17550.0
2019-09-11,17850.0,17550.0,17600.0,17650.0,134079.0,17650.0
2019-09-16,18050.0,17650.0,17700.0,18000.0,69059.0,18000.0
2019-09-17,18000.0,17800.0,17950.0,17900.0,61398.0,17900.0
2019-09-18,18350.0,17900.0,17900.0,18100.0,80426.0,18100.0
2019-09-19,18300.0,18000.0,18300.0,18100.0,42699.0,18100.0
2019-09-20,18400.0,18000.0,18000.0,18400.0,69381.0,18400.0
2019-09-23,18350.0,18150.0,18350.0,18250.0,38925.0,18250.0
2019-09-24,18350.0,17950.0,18100.0,18050.0,59021.0,18050.0
2019-09-25,18250.0,17950.0,18050.0,17950.0,45693.0,17950.0
2019-09-26,18100.0,17900.0,17950.0,18000.0,47735.0,18000.0
2019-09-27,18150.0,17800.0,18150.0,17850.0,29076.0,17850.0
2019-09-30,18100.0,17700.0,18100.0,18000.0,36484.0,18000.0
2019-10-01,18100.0,17850.0,17900.0,17900.0,34911.0,17900.0
2019-10-02,17900.0,17700.0,17800.0,17700.0,35461.0,17700.0
2019-10-04,17850.0,17600.0,17800.0,17650.0,24852.0,17650.0
2019-10-07,17800.0,17550.0,17700.0,17650.0,27152.0,17650.0
2019-10-08,17900.0,17500.0,17900.0,17650.0,43181.0,17650.0
2019-10-10,17650.0,17400.0,17550.0,17400.0,58595.0,17400.0
2019-10-11,17650.0,17450.0,17600.0,17450.0,36297.0,17450.0
2019-10-14,17800.0,17500.0,17650.0,17750.0,33472.0,17750.0
2019-10-15,17850.0,17600.0,17800.0,17700.0,21403.0,17700.0
2019-10-16,18000.0,17600.0,17650.0,17750.0,53115.0,17750.0
2019-10-17,17850.0,17650.0,17800.0,17650.0,31958.0,17650.0
2019-10-18,18000.0,17500.0,17900.0,17900.0,81990.0,17900.0
2019-10-21,17950.0,17600.0,17950.0,17600.0,30708.0,17600.0
2019-10-22,17950.0,17550.0,17550.0,17800.0,51733.0,17800.0
2019-10-23,17850.0,17600.0,17650.0,17600.0,33278.0,17600.0
2019-10-24,17750.0,17450.0,17550.0,17650.0,47278.0,17650.0
2019-10-25,17750.0,17500.0,17500.0,17700.0,20319.0,17700.0
2019-10-28,17950.0,17600.0,17850.0,17700.0,36659.0,17700.0
2019-10-29,17900.0,17550.0,17700.0,17600.0,37399.0,17600.0
2019-10-30,17700.0,17450.0,17550.0,17500.0,44580.0,17500.0
2019-10-31,17700.0,17500.0,17500.0,17500.0,29661.0,17500.0
2019-11-01,17700.0,17450.0,17500.0,17600.0,38238.0,17600.0
2019-11-04,18050.0,17600.0,17600.0,18000.0,80848.0,18000.0
2019-11-05,18000.0,17700.0,18000.0,17700.0,59322.0,17700.0
2019-11-06,17800.0,17550.0,17700.0,17550.0,66499.0,17550.0
2019-11-07,17800.0,17500.0,17500.0,17550.0,64086.0,17550.0
2019-11-08,17800.0,17600.0,17600.0,17600.0,50421.0,17600.0
2019-11-11,17800.0,17550.0,17600.0,17600.0,49228.0,17600.0
2019-11-12,17750.0,17550.0,17600.0,17600.0,44995.0,17600.0
2019-11-13,17700.0,17550.0,17650.0,17550.0,33753.0,17550.0
2019-11-15,17800.0,17450.0,17450.0,17750.0,63793.0,17750.0
2019-11-18,17800.0,17400.0,17750.0,17450.0,109417.0,17450.0
2019-11-19,17600.0,17300.0,17450.0,17450.0,86977.0,17450.0
2019-11-20,17500.0,17300.0,17400.0,17400.0,52092.0,17400.0
2019-11-21,17550.0,17300.0,17400.0,17300.0,57151.0,17300.0
2019-11-22,17500.0,17250.0,17500.0,17350.0,31151.0,17350.0
2019-11-25,17550.0,17300.0,17350.0,17500.0,50490.0,17500.0
2019-11-26,17500.0,17350.0,17500.0,17450.0,61758.0,17450.0
2019-11-27,17600.0,17400.0,17600.0,17550.0,34413.0,17550.0
2019-11-28,17500.0,17400.0,17400.0,17400.0,34729.0,17400.0
2019-11-29,17600.0,17300.0,17500.0,17300.0,63965.0,17300.0
2019-12-02,17500.0,17300.0,17300.0,17450.0,33058.0,17450.0
2019-12-03,17500.0,17300.0,17500.0,17400.0,36585.0,17400.0
2019-12-04,17400.0,17250.0,17300.0,17400.0,46844.0,17400.0
2019-12-05,17400.0,17250.0,17300.0,17300.0,45339.0,17300.0
2019-12-06,17500.0,17300.0,17350.0,17500.0,37334.0,17500.0
2019-12-09,17550.0,17150.0,17500.0,17250.0,62075.0,17250.0
2019-12-10,17550.0,17200.0,17250.0,17550.0,32285.0,17550.0
2019-12-11,17600.0,17350.0,17550.0,17500.0,55998.0,17500.0
2019-12-12,17700.0,17500.0,17550.0,17700.0,138575.0,17700.0
2019-12-13,17850.0,17650.0,17700.0,17850.0,78306.0,17850.0
2019-12-16,18100.0,17800.0,17900.0,18050.0,85597.0,18050.0
2019-12-17,18100.0,17800.0,18050.0,17950.0,111829.0,17950.0
2019-12-18,18100.0,17800.0,17850.0,18050.0,63681.0,18050.0
2019-12-19,18050.0,17850.0,17950.0,18000.0,42595.0,18000.0
2019-12-20,18100.0,17900.0,18100.0,18050.0,39922.0,18050.0
2019-12-23,18200.0,18000.0,18100.0,18050.0,58286.0,18050.0
2019-12-24,18200.0,17950.0,18200.0,18150.0,52721.0,18150.0
2019-12-26,18350.0,18100.0,18200.0,18350.0,68772.0,18350.0
2019-12-27,17750.0,17400.0,17600.0,17550.0,120262.0,17550.0
2019-12-30,17650.0,17200.0,17650.0,17400.0,141784.0,17400.0
2020-01-02,17350.0,16700.0,17300.0,16750.0,171253.0,16750.0
2020-01-03,16950.0,16700.0,16850.0,16750.0,116594.0,16750.0
2020-01-06,16850.0,16350.0,16750.0,16350.0,97539.0,16350.0
2020-01-07,16600.0,16300.0,16500.0,16350.0,85987.0,16350.0
2020-01-08,16300.0,15900.0,16300.0,16050.0,124750.0,16050.0
2020-01-09,16300.0,16000.0,16050.0,16250.0,91082.0,16250.0
2020-01-10,16450.0,16100.0,16200.0,16300.0,80932.0,16300.0
2020-01-13,16400.0,16100.0,16250.0,16250.0,75708.0,16250.0
2020-01-14,16300.0,16100.0,16250.0,16250.0,75926.0,16250.0
2020-01-15,16450.0,16200.0,16200.0,16400.0,58551.0,16400.0
2020-01-16,16500.0,16250.0,16300.0,16300.0,53243.0,16300.0
2020-01-17,16600.0,16250.0,16300.0,16450.0,76426.0,16450.0
2020-01-20,16550.0,16300.0,16400.0,16300.0,60659.0,16300.0
2020-01-21,16450.0,16250.0,16300.0,16350.0,41382.0,16350.0
2020-01-22,16500.0,16300.0,16500.0,16400.0,54286.0,16400.0
2020-01-23,16450.0,16250.0,16400.0,16400.0,131456.0,16400.0
2020-01-28,16350.0,16100.0,16200.0,16200.0,134999.0,16200.0
2020-01-29,16400.0,16100.0,16200.0,16250.0,60710.0,16250.0
2020-01-30,16300.0,16100.0,16200.0,16200.0,90802.0,16200.0
2020-01-31,16400.0,16150.0,16200.0,16300.0,86306.0,16300.0
2020-02-03,16300.0,16100.0,16250.0,16250.0,95900.0,16250.0
2020-02-04,16300.0,16150.0,16200.0,16200.0,82989.0,16200.0
2020-02-05,16350.0,16150.0,16200.0,16250.0,92745.0,16250.0
2020-02-06,16600.0,16300.0,16500.0,16500.0,71272.0,16500.0
2020-02-07,16650.0,16400.0,16400.0,16550.0,57955.0,16550.0
2020-02-10,16650.0,16450.0,16500.0,16550.0,43593.0,16550.0
2020-02-11,16750.0,16550.0,16600.0,16700.0,49793.0,16700.0
2020-02-12,16900.0,16550.0,16600.0,16850.0,66019.0,16850.0
2020-02-13,16950.0,16600.0,16800.0,16750.0,88882.0,16750.0
2020-02-14,17000.0,16450.0,16650.0,16850.0,58560.0,16850.0
2020-02-17,17150.0,16600.0,16850.0,17150.0,62971.0,17150.0
2020-02-18,17150.0,16850.0,17000.0,17150.0,60970.0,17150.0
2020-02-19,17200.0,16750.0,17200.0,16850.0,64076.0,16850.0
2020-02-20,17000.0,16400.0,16750.0,16400.0,72782.0,16400.0
2020-02-21,16450.0,16200.0,16300.0,16300.0,87564.0,16300.0
2020-02-24,16300.0,15850.0,15900.0,16000.0,123792.0,16000.0
2020-02-25,16100.0,15500.0,15950.0,15950.0,108206.0,15950.0
2020-02-26,16100.0,15850.0,16000.0,15900.0,59340.0,15900.0
2020-02-27,15950.0,15700.0,15750.0,15900.0,79983.0,15900.0
2020-02-28,15850.0,15500.0,15850.0,15650.0,109327.0,15650.0
2020-03-02,15900.0,15400.0,15900.0,15500.0,98179.0,15500.0
2020-03-03,15800.0,15500.0,15500.0,15650.0,86864.0,15650.0
2020-03-04,15950.0,15550.0,15750.0,15800.0,73565.0,15800.0
2020-03-05,16050.0,15600.0,15800.0,16000.0,68992.0,16000.0
2020-03-06,16200.0,15750.0,16100.0,16200.0,81646.0,16200.0
2020-03-09,16200.0,16200.0,16200.0,16200.0,0.0,16200.0
2020-03-10,16500.0,15900.0,16500.0,16150.0,105797.0,16150.0
2020-03-11,16250.0,15650.0,15900.0,15900.0,72389.0,15900.0
2020-03-12,15900.0,15900.0,15900.0,15900.0,0.0,15900.0
2020-03-13,15750.0,14150.0,14900.0,15700.0,239869.0,15700.0
2020-03-16,16000.0,15350.0,15700.0,15900.0,139883.0,15900.0
2020-03-17,16000.0,14900.0,14900.0,15950.0,147789.0,15950.0
2020-03-18,15800.0,15300.0,15700.0,15300.0,94104.0,15300.0
2020-03-19,15600.0,14500.0,15450.0,14550.0,180011.0,14550.0
2020-03-20,15050.0,14450.0,14550.0,15050.0,136021.0,15050.0
2020-03-23,15550.0,14500.0,14500.0,15500.0,298549.0,15500.0
2020-03-24,16000.0,15100.0,15200.0,16000.0,136761.0,16000.0
2020-03-25,16400.0,15650.0,15700.0,16400.0,196111.0,16400.0
2020-03-26,16350.0,15750.0,16100.0,15750.0,146228.0,15750.0
2020-03-27,16100.0,15400.0,15850.0,15600.0,151719.0,15600.0
2020-03-30,15750.0,15300.0,15600.0,15550.0,91360.0,15550.0
2020-03-31,15900.0,15550.0,15600.0,15750.0,131226.0,15750.0
2020-04-01,16000.0,15350.0,15750.0,15600.0,144533.0,15600.0
2020-04-02,15800.0,15350.0,15350.0,15600.0,132760.0,15600.0
2020-04-03,15750.0,15450.0,15600.0,15700.0,112942.0,15700.0
2020-04-06,16250.0,15650.0,15850.0,16200.0,126675.0,16200.0
2020-04-07,16850.0,16050.0,16350.0,16750.0,177421.0,16750.0
2020-04-08,16800.0,16250.0,16500.0,16450.0,135757.0,16450.0
2020-04-09,16900.0,16400.0,16900.0,16600.0,106156.0,16600.0
2020-04-10,16450.0,16200.0,16300.0,16450.0,81637.0,16450.0
2020-04-13,16450.0,16150.0,16150.0,16200.0,82217.0,16200.0
2020-04-14,16500.0,16100.0,16100.0,16300.0,61674.0,16300.0
2020-04-16,16500.0,16000.0,16050.0,16500.0,100963.0,16500.0
2020-04-17,16800.0,16300.0,16300.0,16650.0,155322.0,16650.0
2020-04-20,17300.0,16500.0,16650.0,17050.0,148128.0,17050.0
2020-04-21,17300.0,16200.0,17000.0,16550.0,116540.0,16550.0
2020-04-22,16550.0,16250.0,16300.0,16500.0,80711.0,16500.0
2020-04-23,16900.0,16300.0,16400.0,16850.0,82550.0,16850.0
2020-04-24,16900.0,16400.0,16650.0,16650.0,73416.0,16650.0
2020-04-27,17050.0,16550.0,16650.0,16950.0,89590.0,16950.0
2020-04-28,17250.0,16750.0,16800.0,17250.0,110226.0,17250.0
2020-04-29,17600.0,17100.0,17350.0,17300.0,138266.0,17300.0
2020-05-04,17250.0,16650.0,17000.0,16800.0,159723.0,16800.0
2020-05-06,17200.0,16850.0,17200.0,17100.0,83601.0,17100.0
2020-05-07,17450.0,16850.0,16950.0,17350.0,98382.0,17350.0
2020-05-08,17450.0,17200.0,17350.0,17350.0,84839.0,17350.0
2020-05-11,17900.0,17150.0,17350.0,17750.0,138397.0,17750.0
2020-05-12,17850.0,17150.0,17850.0,17250.0,96169.0,17250.0
2020-05-13,17200.0,16700.0,16850.0,16950.0,155897.0,16950.0
2020-05-14,17050.0,16650.0,17050.0,16800.0,99831.0,16800.0
2020-05-15,17150.0,16700.0,17000.0,17150.0,79229.0,17150.0
2020-05-18,17350.0,17000.0,17250.0,17150.0,85212.0,17150.0
2020-05-19,17650.0,17200.0,17200.0,17350.0,107342.0,17350.0
2020-05-20,17650.0,17300.0,17500.0,17400.0,125911.0,17400.0
2020-05-21,17600.0,17150.0,17400.0,17400.0,92429.0,17400.0
2020-05-22,17600.0,17100.0,17600.0,17200.0,70449.0,17200.0
2020-05-25,17400.0,17000.0,17400.0,17100.0,49018.0,17100.0
2020-05-26,17350.0,17050.0,17100.0,17150.0,51849.0,17150.0
2020-05-27,17300.0,17050.0,17050.0,17300.0,68847.0,17300.0
2020-05-28,17300.0,17100.0,17200.0,17200.0,70583.0,17200.0
2020-05-29,17350.0,16700.0,17200.0,16700.0,137916.0,16700.0
2020-06-01,17400.0,16800.0,16800.0,17400.0,90773.0,17400.0
2020-06-02,17550.0,17300.0,17350.0,17500.0,77232.0,17500.0
2020-06-03,18000.0,17400.0,17500.0,17550.0,194436.0,17550.0
2020-06-04,18000.0,17450.0,17450.0,17450.0,132964.0,17450.0
2020-06-05,17650.0,17300.0,17450.0,17450.0,108758.0,17450.0
2020-06-08,17700.0,17200.0,17650.0,17200.0,113068.0,17200.0
2020-06-09,17400.0,16850.0,17300.0,16950.0,163148.0,16950.0
2020-06-10,17150.0,16900.0,17150.0,17000.0,116391.0,17000.0
2020-06-11,17150.0,16800.0,16900.0,17000.0,213672.0,17000.0
2020-06-12,17000.0,16500.0,16850.0,16500.0,156049.0,16500.0
2020-06-15,16450.0,15950.0,16400.0,15950.0,150108.0,15950.0
2020-06-16,16500.0,16200.0,16200.0,16450.0,128286.0,16450.0
2020-06-17,16750.0,16250.0,16350.0,16650.0,92074.0,16650.0
2020-06-18,16650.0,16300.0,16400.0,16300.0,60888.0,16300.0
2020-06-19,16500.0,16050.0,16500.0,16100.0,120439.0,16100.0
2020-06-22,16300.0,16050.0,16100.0,16200.0,54813.0,16200.0
2020-06-23,16300.0,15900.0,16250.0,16000.0,87843.0,16000.0
2020-06-24,16050.0,15900.0,16000.0,16000.0,74183.0,16000.0
2020-06-25,15950.0,15700.0,15900.0,15750.0,99133.0,15750.0
2020-06-26,16300.0,15800.0,15800.0,16150.0,84716.0,16150.0
2020-06-29,16100.0,15750.0,16050.0,15750.0,64887.0,15750.0
2020-06-30,16050.0,15800.0,15850.0,15850.0,64449.0,15850.0
2020-07-01,16200.0,15850.0,15850.0,15900.0,77322.0,15900.0
2020-07-02,16350.0,16000.0,16100.0,16050.0,71363.0,16050.0
2020-07-03,16250.0,16000.0,16050.0,16200.0,44465.0,16200.0
2020-07-06,16450.0,16100.0,16450.0,16250.0,66457.0,16250.0
2020-07-07,16450.0,16000.0,16250.0,16000.0,88396.0,16000.0
2020-07-08,16450.0,16050.0,16150.0,16250.0,79068.0,16250.0
2020-07-09,16400.0,16150.0,16400.0,16150.0,73932.0,16150.0
2020-07-10,16200.0,15850.0,16150.0,15900.0,85589.0,15900.0
2020-07-13,16100.0,15900.0,16000.0,16000.0,52237.0,16000.0
2020-07-14,16250.0,15900.0,15900.0,16250.0,55221.0,16250.0
2020-07-15,16550.0,16050.0,16300.0,16150.0,119019.0,16150.0
2020-07-16,18000.0,16750.0,17050.0,17500.0,583298.0,17500.0
2020-07-17,17950.0,17350.0,17400.0,17850.0,290137.0,17850.0
2020-07-20,18500.0,18000.0,18050.0,18300.0,271353.0,18300.0
2020-07-21,19350.0,18200.0,18250.0,18900.0,328984.0,18900.0
2020-07-22,19200.0,18500.0,18950.0,18650.0,158561.0,18650.0
2020-07-23,19300.0,18500.0,18600.0,19050.0,170103.0,19050.0
2020-07-24,19400.0,18850.0,18850.0,19200.0,146416.0,19200.0
2020-07-27,21500.0,19200.0,19200.0,20800.0,476676.0,20800.0
2020-07-28,21600.0,20650.0,21500.0,21000.0,308461.0,21000.0
2020-07-29,21150.0,20600.0,20600.0,20750.0,80580.0,20750.0
2020-07-30,21350.0,20650.0,20650.0,21050.0,103270.0,21050.0
2020-07-31,21750.0,21050.0,21050.0,21600.0,137173.0,21600.0
2020-08-03,21850.0,21300.0,21700.0,21550.0,126726.0,21550.0
2020-08-04,21700.0,21450.0,21600.0,21500.0,93323.0,21500.0
2020-08-05,21500.0,20750.0,21350.0,20900.0,166962.0,20900.0
2020-08-06,21500.0,20850.0,20900.0,21250.0,147625.0,21250.0
2020-08-07,21350.0,20800.0,21250.0,21050.0,112722.0,21050.0
2020-08-10,22450.0,21050.0,22000.0,21200.0,361861.0,21200.0
2020-08-11,21450.0,20950.0,21000.0,21400.0,174192.0,21400.0
2020-08-12,21800.0,21050.0,21100.0,21600.0,243170.0,21600.0
2020-08-13,22750.0,21500.0,21500.0,22250.0,511822.0,22250.0
2020-08-14,23450.0,22100.0,22300.0,23300.0,278620.0,23300.0
2020-08-18,25100.0,23550.0,23550.0,24000.0,557663.0,24000.0
2020-08-19,25550.0,24300.0,24400.0,25450.0,377721.0,25450.0
2020-08-20,25900.0,23300.0,25400.0,23550.0,498899.0,23550.0
2020-08-21,24900.0,23550.0,23550.0,24700.0,332931.0,24700.0
2020-08-24,25150.0,24150.0,24950.0,24450.0,167460.0,24450.0
2020-08-25,24650.0,24000.0,24450.0,24300.0,142837.0,24300.0
2020-08-26,24350.0,23750.0,24200.0,24050.0,151692.0,24050.0
2020-08-27,24750.0,23900.0,23950.0,23950.0,155540.0,23950.0
2020-08-28,24600.0,24000.0,24050.0,24600.0,155154.0,24600.0
2020-08-31,25900.0,24950.0,25000.0,25350.0,219319.0,25350.0
